customer_id,signup_month,month,age_month,channel,plan,active,mrr_cents
C0000,2025-01,2025-01,0,Referral,Basic,1,2900
C0000,2025-01,2025-02,1,Referral,Basic,1,2900
C0000,2025-01,2025-03,2,Referral,Basic,1,2900
C0000,2025-01,2025-04,3,Referral,Basic,1,2900
C0000,2025-01,2025-05,4,Referral,Basic,1,2900
C0000,2025-01,2025-06,5,Referral,Basic,1,2900
C0000,2025-01,2025-07,6,Referral,Basic,1,2900
C0000,2025-01,2025-08,7,Referral,Basic,1,2900
C0000,2025-01,2025-09,8,Referral,Basic,1,2900
C0000,2025-01,2025-10,9,Referral,Basic,1,2900
C0000,2025-01,2025-11,10,Referral,Basic,1,2900
C0000,2025-01,2025-12,11,Referral,Basic,1,2900
C0001,2025-04,2025-04,0,Paid,Pro,1,7900
C0001,2025-04,2025-05,1,Paid,Pro,1,7900
C0001,2025-04,2025-06,2,Paid,Pro,1,7900
C0001,2025-04,2025-07,3,Paid,Pro,0,0
C0001,2025-04,2025-08,4,Paid,Pro,0,0
C0001,2025-04,2025-09,5,Paid,Pro,0,0
C0001,2025-04,2025-10,6,Paid,Pro,0,0
C0001,2025-04,2025-11,7,Paid,Pro,0,0
C0001,2025-04,2025-12,8,Paid,Pro,0,0
C0002,2025-05,2025-05,0,Paid,Basic,1,2900
C0002,2025-05,2025-06,1,Paid,Basic,1,2900
C0002,2025-05,2025-07,2,Paid,Basic,1,2900
C0002,2025-05,2025-08,3,Paid,Basic,1,2900
C0002,2025-05,2025-09,4,Paid,Basic,1,2900
C0002,2025-05,2025-10,5,Paid,Basic,1,2900
C0002,2025-05,2025-11,6,Paid,Basic,1,2900
C0002,2025-05,2025-12,7,Paid,Basic,1,2900
C0003,2025-06,2025-06,0,Referral,Basic,1,2900
C0003,2025-06,2025-07,1,Referral,Basic,1,2900
C0003,2025-06,2025-08,2,Referral,Basic,1,2900
C0003,2025-06,2025-09,3,Referral,Basic,1,2900
C0003,2025-06,2025-10,4,Referral,Basic,1,2900
C0003,2025-06,2025-11,5,Referral,Basic,1,2900
C0003,2025-06,2025-12,6,Referral,Basic,1,2900
C0004,2025-06,2025-06,0,Organic,Basic,1,2900
C0004,2025-06,2025-07,1,Organic,Basic,1,2900
C0004,2025-06,2025-08,2,Organic,Basic,1,2900
C0004,2025-06,2025-09,3,Organic,Basic,1,2900
C0004,2025-06,2025-10,4,Organic,Basic,1,2900
C0004,2025-06,2025-11,5,Organic,Basic,1,2900
C0004,2025-06,2025-12,6,Organic,Basic,1,2900
C0005,2025-06,2025-06,0,Organic,Pro,1,7900
C0005,2025-06,2025-07,1,Organic,Pro,1,7900
C0005,2025-06,2025-08,2,Organic,Pro,1,7900
C0005,2025-06,2025-09,3,Organic,Pro,1,7900
C0005,2025-06,2025-10,4,Organic,Pro,1,7900
C0005,2025-06,2025-11,5,Organic,Pro,1,7900
C0005,2025-06,2025-12,6,Organic,Pro,1,7900
C0006,2025-05,2025-05,0,Paid,Pro,1,7900
C0006,2025-05,2025-06,1,Paid,Pro,0,0
C0006,2025-05,2025-07,2,Paid,Pro,0,0
C0006,2025-05,2025-08,3,Paid,Pro,0,0
C0006,2025-05,2025-09,4,Paid,Pro,0,0
C0006,2025-05,2025-10,5,Paid,Pro,0,0
C0006,2025-05,2025-11,6,Paid,Pro,0,0
C0006,2025-05,2025-12,7,Paid,Pro,0,0
C0007,2025-02,2025-02,0,Paid,Pro,1,7900
C0007,2025-02,2025-03,1,Paid,Pro,1,7900
C0007,2025-02,2025-04,2,Paid,Pro,1,7900
C0007,2025-02,2025-05,3,Paid,Pro,1,7900
C0007,2025-02,2025-06,4,Paid,Pro,1,7900
C0007,2025-02,2025-07,5,Paid,Pro,1,7900
C0007,2025-02,2025-08,6,Paid,Pro,1,7900
C0007,2025-02,2025-09,7,Paid,Pro,0,0
C0007,2025-02,2025-10,8,Paid,Pro,0,0
C0007,2025-02,2025-11,9,Paid,Pro,0,0
C0007,2025-02,2025-12,10,Paid,Pro,0,0
C0008,2025-05,2025-05,0,Referral,Basic,1,2900
C0008,2025-05,2025-06,1,Referral,Basic,1,2900
C0008,2025-05,2025-07,2,Referral,Basic,1,2900
C0008,2025-05,2025-08,3,Referral,Basic,1,2900
C0008,2025-05,2025-09,4,Referral,Basic,1,2900
C0008,2025-05,2025-10,5,Referral,Basic,1,2900
C0008,2025-05,2025-11,6,Referral,Basic,1,2900
C0008,2025-05,2025-12,7,Referral,Basic,1,2900
C0009,2025-02,2025-02,0,Organic,Pro,1,7900
C0009,2025-02,2025-03,1,Organic,Pro,1,7900
C0009,2025-02,2025-04,2,Organic,Pro,1,7900
C0009,2025-02,2025-05,3,Organic,Pro,1,7900
C0009,2025-02,2025-06,4,Organic,Pro,1,7900
C0009,2025-02,2025-07,5,Organic,Pro,1,7900
C0009,2025-02,2025-08,6,Organic,Pro,1,7900
C0009,2025-02,2025-09,7,Organic,Pro,1,7900
C0009,2025-02,2025-10,8,Organic,Pro,1,7900
C0009,2025-02,2025-11,9,Organic,Pro,1,7900
C0009,2025-02,2025-12,10,Organic,Pro,1,7900
C0010,2025-03,2025-03,0,Referral,Pro,1,7900
C0010,2025-03,2025-04,1,Referral,Pro,1,7900
C0010,2025-03,2025-05,2,Referral,Pro,1,7900
C0010,2025-03,2025-06,3,Referral,Pro,1,7900
C0010,2025-03,2025-07,4,Referral,Pro,1,7900
C0010,2025-03,2025-08,5,Referral,Pro,1,7900
C0010,2025-03,2025-09,6,Referral,Pro,1,7900
C0010,2025-03,2025-10,7,Referral,Pro,1,7900
C0010,2025-03,2025-11,8,Referral,Pro,1,7900
C0010,2025-03,2025-12,9,Referral,Pro,1,7900
C0011,2025-04,2025-04,0,Organic,Pro,1,7900
C0011,2025-04,2025-05,1,Organic,Pro,1,7900
C0011,2025-04,2025-06,2,Organic,Pro,1,7900
C0011,2025-04,2025-07,3,Organic,Pro,1,7900
C0011,2025-04,2025-08,4,Organic,Pro,1,7900
C0011,2025-04,2025-09,5,Organic,Pro,1,7900
C0011,2025-04,2025-10,6,Organic,Pro,1,7900
C0011,2025-04,2025-11,7,Organic,Pro,1,7900
C0011,2025-04,2025-12,8,Organic,Pro,1,7900
C0012,2025-03,2025-03,0,Paid,Basic,1,2900
C0012,2025-03,2025-04,1,Paid,Basic,1,2900
C0012,2025-03,2025-05,2,Paid,Basic,1,2900
C0012,2025-03,2025-06,3,Paid,Basic,1,2900
C0012,2025-03,2025-07,4,Paid,Basic,1,2900
C0012,2025-03,2025-08,5,Paid,Basic,0,0
C0012,2025-03,2025-09,6,Paid,Basic,0,0
C0012,2025-03,2025-10,7,Paid,Basic,0,0
C0012,2025-03,2025-11,8,Paid,Basic,0,0
C0012,2025-03,2025-12,9,Paid,Basic,0,0
C0013,2025-05,2025-05,0,Referral,Basic,1,2900
C0013,2025-05,2025-06,1,Referral,Basic,1,2900
C0013,2025-05,2025-07,2,Referral,Basic,1,2900
C0013,2025-05,2025-08,3,Referral,Basic,1,2900
C0013,2025-05,2025-09,4,Referral,Basic,1,2900
C0013,2025-05,2025-10,5,Referral,Basic,1,2900
C0013,2025-05,2025-11,6,Referral,Basic,1,2900
C0013,2025-05,2025-12,7,Referral,Basic,1,2900
C0014,2025-02,2025-02,0,Organic,Basic,1,2900
C0014,2025-02,2025-03,1,Organic,Basic,1,2900
C0014,2025-02,2025-04,2,Organic,Basic,1,2900
C0014,2025-02,2025-05,3,Organic,Basic,1,2900
C0014,2025-02,2025-06,4,Organic,Basic,1,2900
C0014,2025-02,2025-07,5,Organic,Basic,1,2900
C0014,2025-02,2025-08,6,Organic,Basic,1,2900
C0014,2025-02,2025-09,7,Organic,Basic,1,2900
C0014,2025-02,2025-10,8,Organic,Basic,1,2900
C0014,2025-02,2025-11,9,Organic,Basic,1,2900
C0014,2025-02,2025-12,10,Organic,Basic,1,2900
C0015,2025-01,2025-01,0,Referral,Basic,1,2900
C0015,2025-01,2025-02,1,Referral,Basic,1,2900
C0015,2025-01,2025-03,2,Referral,Basic,1,2900
C0015,2025-01,2025-04,3,Referral,Basic,1,2900
C0015,2025-01,2025-05,4,Referral,Basic,1,2900
C0015,2025-01,2025-06,5,Referral,Basic,1,2900
C0015,2025-01,2025-07,6,Referral,Basic,1,2900
C0015,2025-01,2025-08,7,Referral,Basic,1,2900
C0015,2025-01,2025-09,8,Referral,Basic,1,2900
C0015,2025-01,2025-10,9,Referral,Basic,1,2900
C0015,2025-01,2025-11,10,Referral,Basic,1,2900
C0015,2025-01,2025-12,11,Referral,Basic,1,2900
C0016,2025-06,2025-06,0,Referral,Pro,1,7900
C0016,2025-06,2025-07,1,Referral,Pro,1,7900
C0016,2025-06,2025-08,2,Referral,Pro,1,7900
C0016,2025-06,2025-09,3,Referral,Pro,1,7900
C0016,2025-06,2025-10,4,Referral,Pro,1,7900
C0016,2025-06,2025-11,5,Referral,Pro,1,7900
C0016,2025-06,2025-12,6,Referral,Pro,1,7900
C0017,2025-04,2025-04,0,Organic,Basic,1,2900
C0017,2025-04,2025-05,1,Organic,Basic,1,2900
C0017,2025-04,2025-06,2,Organic,Basic,0,0
C0017,2025-04,2025-07,3,Organic,Basic,0,0
C0017,2025-04,2025-08,4,Organic,Basic,0,0
C0017,2025-04,2025-09,5,Organic,Basic,0,0
C0017,2025-04,2025-10,6,Organic,Basic,0,0
C0017,2025-04,2025-11,7,Organic,Basic,0,0
C0017,2025-04,2025-12,8,Organic,Basic,0,0
C0018,2025-03,2025-03,0,Organic,Basic,1,2900
C0018,2025-03,2025-04,1,Organic,Basic,1,2900
C0018,2025-03,2025-05,2,Organic,Basic,1,2900
C0018,2025-03,2025-06,3,Organic,Basic,1,2900
C0018,2025-03,2025-07,4,Organic,Basic,1,2900
C0018,2025-03,2025-08,5,Organic,Basic,1,2900
C0018,2025-03,2025-09,6,Organic,Basic,1,2900
C0018,2025-03,2025-10,7,Organic,Basic,1,2900
C0018,2025-03,2025-11,8,Organic,Basic,1,2900
C0018,2025-03,2025-12,9,Organic,Basic,1,2900
C0019,2025-05,2025-05,0,Paid,Pro,1,7900
C0019,2025-05,2025-06,1,Paid,Pro,1,7900
C0019,2025-05,2025-07,2,Paid,Pro,1,7900
C0019,2025-05,2025-08,3,Paid,Pro,1,7900
C0019,2025-05,2025-09,4,Paid,Pro,1,7900
C0019,2025-05,2025-10,5,Paid,Pro,0,0
C0019,2025-05,2025-11,6,Paid,Pro,0,0
C0019,2025-05,2025-12,7,Paid,Pro,0,0
C0020,2025-05,2025-05,0,Paid,Basic,1,2900
C0020,2025-05,2025-06,1,Paid,Basic,1,2900
C0020,2025-05,2025-07,2,Paid,Basic,1,2900
C0020,2025-05,2025-08,3,Paid,Basic,1,2900
C0020,2025-05,2025-09,4,Paid,Basic,1,2900
C0020,2025-05,2025-10,5,Paid,Basic,0,0
C0020,2025-05,2025-11,6,Paid,Basic,0,0
C0020,2025-05,2025-12,7,Paid,Basic,0,0
C0021,2025-02,2025-02,0,Referral,Pro,1,7900
C0021,2025-02,2025-03,1,Referral,Pro,1,7900
C0021,2025-02,2025-04,2,Referral,Pro,1,7900
C0021,2025-02,2025-05,3,Referral,Pro,1,7900
C0021,2025-02,2025-06,4,Referral,Pro,1,7900
C0021,2025-02,2025-07,5,Referral,Pro,1,7900
C0021,2025-02,2025-08,6,Referral,Pro,1,7900
C0021,2025-02,2025-09,7,Referral,Pro,1,7900
C0021,2025-02,2025-10,8,Referral,Pro,1,7900
C0021,2025-02,2025-11,9,Referral,Pro,1,7900
C0021,2025-02,2025-12,10,Referral,Pro,1,7900
C0022,2025-04,2025-04,0,Paid,Basic,1,2900
C0022,2025-04,2025-05,1,Paid,Basic,1,2900
C0022,2025-04,2025-06,2,Paid,Basic,1,2900
C0022,2025-04,2025-07,3,Paid,Basic,1,2900
C0022,2025-04,2025-08,4,Paid,Basic,1,2900
C0022,2025-04,2025-09,5,Paid,Basic,1,2900
C0022,2025-04,2025-10,6,Paid,Basic,1,2900
C0022,2025-04,2025-11,7,Paid,Basic,1,2900
C0022,2025-04,2025-12,8,Paid,Basic,1,2900
C0023,2025-06,2025-06,0,Organic,Pro,1,7900
C0023,2025-06,2025-07,1,Organic,Pro,1,7900
C0023,2025-06,2025-08,2,Organic,Pro,1,7900
C0023,2025-06,2025-09,3,Organic,Pro,1,7900
C0023,2025-06,2025-10,4,Organic,Pro,1,7900
C0023,2025-06,2025-11,5,Organic,Pro,1,7900
C0023,2025-06,2025-12,6,Organic,Pro,1,7900
C0024,2025-04,2025-04,0,Referral,Pro,1,7900
C0024,2025-04,2025-05,1,Referral,Pro,1,7900
C0024,2025-04,2025-06,2,Referral,Pro,1,7900
C0024,2025-04,2025-07,3,Referral,Pro,1,7900
C0024,2025-04,2025-08,4,Referral,Pro,1,7900
C0024,2025-04,2025-09,5,Referral,Pro,1,7900
C0024,2025-04,2025-10,6,Referral,Pro,1,7900
C0024,2025-04,2025-11,7,Referral,Pro,1,7900
C0024,2025-04,2025-12,8,Referral,Pro,1,7900
C0025,2025-01,2025-01,0,Organic,Pro,1,7900
C0025,2025-01,2025-02,1,Organic,Pro,1,7900
C0025,2025-01,2025-03,2,Organic,Pro,1,7900
C0025,2025-01,2025-04,3,Organic,Pro,1,7900
C0025,2025-01,2025-05,4,Organic,Pro,1,7900
C0025,2025-01,2025-06,5,Organic,Pro,1,7900
C0025,2025-01,2025-07,6,Organic,Pro,1,7900
C0025,2025-01,2025-08,7,Organic,Pro,0,0
C0025,2025-01,2025-09,8,Organic,Pro,0,0
C0025,2025-01,2025-10,9,Organic,Pro,0,0
C0025,2025-01,2025-11,10,Organic,Pro,0,0
C0025,2025-01,2025-12,11,Organic,Pro,0,0
C0026,2025-01,2025-01,0,Paid,Pro,1,7900
C0026,2025-01,2025-02,1,Paid,Pro,1,7900
C0026,2025-01,2025-03,2,Paid,Pro,1,7900
C0026,2025-01,2025-04,3,Paid,Pro,0,0
C0026,2025-01,2025-05,4,Paid,Pro,0,0
C0026,2025-01,2025-06,5,Paid,Pro,0,0
C0026,2025-01,2025-07,6,Paid,Pro,0,0
C0026,2025-01,2025-08,7,Paid,Pro,0,0
C0026,2025-01,2025-09,8,Paid,Pro,0,0
C0026,2025-01,2025-10,9,Paid,Pro,0,0
C0026,2025-01,2025-11,10,Paid,Pro,0,0
C0026,2025-01,2025-12,11,Paid,Pro,0,0
C0027,2025-02,2025-02,0,Paid,Basic,1,2900
C0027,2025-02,2025-03,1,Paid,Basic,1,2900
C0027,2025-02,2025-04,2,Paid,Basic,1,2900
C0027,2025-02,2025-05,3,Paid,Basic,1,2900
C0027,2025-02,2025-06,4,Paid,Basic,1,2900
C0027,2025-02,2025-07,5,Paid,Basic,1,2900
C0027,2025-02,2025-08,6,Paid,Basic,1,2900
C0027,2025-02,2025-09,7,Paid,Basic,1,2900
C0027,2025-02,2025-10,8,Paid,Basic,1,2900
C0027,2025-02,2025-11,9,Paid,Basic,1,2900
C0027,2025-02,2025-12,10,Paid,Basic,1,2900
C0028,2025-03,2025-03,0,Referral,Basic,1,2900
C0028,2025-03,2025-04,1,Referral,Basic,1,2900
C0028,2025-03,2025-05,2,Referral,Basic,1,2900
C0028,2025-03,2025-06,3,Referral,Basic,1,2900
C0028,2025-03,2025-07,4,Referral,Basic,1,2900
C0028,2025-03,2025-08,5,Referral,Basic,1,2900
C0028,2025-03,2025-09,6,Referral,Basic,1,2900
C0028,2025-03,2025-10,7,Referral,Basic,1,2900
C0028,2025-03,2025-11,8,Referral,Basic,1,2900
C0028,2025-03,2025-12,9,Referral,Basic,1,2900
C0029,2025-03,2025-03,0,Referral,Basic,1,2900
C0029,2025-03,2025-04,1,Referral,Basic,1,2900
C0029,2025-03,2025-05,2,Referral,Basic,1,2900
C0029,2025-03,2025-06,3,Referral,Basic,1,2900
C0029,2025-03,2025-07,4,Referral,Basic,1,2900
C0029,2025-03,2025-08,5,Referral,Basic,1,2900
C0029,2025-03,2025-09,6,Referral,Basic,1,2900
C0029,2025-03,2025-10,7,Referral,Basic,1,2900
C0029,2025-03,2025-11,8,Referral,Basic,1,2900
C0029,2025-03,2025-12,9,Referral,Basic,1,2900
C0030,2025-03,2025-03,0,Referral,Pro,1,7900
C0030,2025-03,2025-04,1,Referral,Pro,1,7900
C0030,2025-03,2025-05,2,Referral,Pro,1,7900
C0030,2025-03,2025-06,3,Referral,Pro,1,7900
C0030,2025-03,2025-07,4,Referral,Pro,1,7900
C0030,2025-03,2025-08,5,Referral,Pro,1,7900
C0030,2025-03,2025-09,6,Referral,Pro,1,7900
C0030,2025-03,2025-10,7,Referral,Pro,1,7900
C0030,2025-03,2025-11,8,Referral,Pro,1,7900
C0030,2025-03,2025-12,9,Referral,Pro,1,7900
C0031,2025-01,2025-01,0,Referral,Basic,1,2900
C0031,2025-01,2025-02,1,Referral,Basic,1,2900
C0031,2025-01,2025-03,2,Referral,Basic,1,2900
C0031,2025-01,2025-04,3,Referral,Basic,1,2900
C0031,2025-01,2025-05,4,Referral,Basic,1,2900
C0031,2025-01,2025-06,5,Referral,Basic,1,2900
C0031,2025-01,2025-07,6,Referral,Basic,1,2900
C0031,2025-01,2025-08,7,Referral,Basic,1,2900
C0031,2025-01,2025-09,8,Referral,Basic,1,2900
C0031,2025-01,2025-10,9,Referral,Basic,1,2900
C0031,2025-01,2025-11,10,Referral,Basic,1,2900
C0031,2025-01,2025-12,11,Referral,Basic,1,2900
C0032,2025-01,2025-01,0,Referral,Pro,1,7900
C0032,2025-01,2025-02,1,Referral,Pro,1,7900
C0032,2025-01,2025-03,2,Referral,Pro,1,7900
C0032,2025-01,2025-04,3,Referral,Pro,1,7900
C0032,2025-01,2025-05,4,Referral,Pro,1,7900
C0032,2025-01,2025-06,5,Referral,Pro,1,7900
C0032,2025-01,2025-07,6,Referral,Pro,1,7900
C0032,2025-01,2025-08,7,Referral,Pro,1,7900
C0032,2025-01,2025-09,8,Referral,Pro,0,0
C0032,2025-01,2025-10,9,Referral,Pro,0,0
C0032,2025-01,2025-11,10,Referral,Pro,0,0
C0032,2025-01,2025-12,11,Referral,Pro,0,0
C0033,2025-06,2025-06,0,Referral,Basic,1,2900
C0033,2025-06,2025-07,1,Referral,Basic,1,2900
C0033,2025-06,2025-08,2,Referral,Basic,1,2900
C0033,2025-06,2025-09,3,Referral,Basic,1,2900
C0033,2025-06,2025-10,4,Referral,Basic,1,2900
C0033,2025-06,2025-11,5,Referral,Basic,1,2900
C0033,2025-06,2025-12,6,Referral,Basic,1,2900
C0034,2025-02,2025-02,0,Organic,Basic,1,2900
C0034,2025-02,2025-03,1,Organic,Basic,1,2900
C0034,2025-02,2025-04,2,Organic,Basic,1,2900
C0034,2025-02,2025-05,3,Organic,Basic,1,2900
C0034,2025-02,2025-06,4,Organic,Basic,1,2900
C0034,2025-02,2025-07,5,Organic,Basic,1,2900
C0034,2025-02,2025-08,6,Organic,Basic,1,2900
C0034,2025-02,2025-09,7,Organic,Basic,1,2900
C0034,2025-02,2025-10,8,Organic,Basic,1,2900
C0034,2025-02,2025-11,9,Organic,Basic,1,2900
C0034,2025-02,2025-12,10,Organic,Basic,0,0
C0035,2025-02,2025-02,0,Paid,Basic,1,2900
C0035,2025-02,2025-03,1,Paid,Basic,1,2900
C0035,2025-02,2025-04,2,Paid,Basic,1,2900
C0035,2025-02,2025-05,3,Paid,Basic,0,0
C0035,2025-02,2025-06,4,Paid,Basic,0,0
C0035,2025-02,2025-07,5,Paid,Basic,0,0
C0035,2025-02,2025-08,6,Paid,Basic,0,0
C0035,2025-02,2025-09,7,Paid,Basic,0,0
C0035,2025-02,2025-10,8,Paid,Basic,0,0
C0035,2025-02,2025-11,9,Paid,Basic,0,0
C0035,2025-02,2025-12,10,Paid,Basic,0,0
C0036,2025-05,2025-05,0,Referral,Pro,1,7900
C0036,2025-05,2025-06,1,Referral,Pro,1,7900
C0036,2025-05,2025-07,2,Referral,Pro,1,7900
C0036,2025-05,2025-08,3,Referral,Pro,0,0
C0036,2025-05,2025-09,4,Referral,Pro,0,0
C0036,2025-05,2025-10,5,Referral,Pro,0,0
C0036,2025-05,2025-11,6,Referral,Pro,0,0
C0036,2025-05,2025-12,7,Referral,Pro,0,0
C0037,2025-05,2025-05,0,Organic,Pro,1,7900
C0037,2025-05,2025-06,1,Organic,Pro,1,7900
C0037,2025-05,2025-07,2,Organic,Pro,1,7900
C0037,2025-05,2025-08,3,Organic,Pro,1,7900
C0037,2025-05,2025-09,4,Organic,Pro,1,7900
C0037,2025-05,2025-10,5,Organic,Pro,1,7900
C0037,2025-05,2025-11,6,Organic,Pro,1,7900
C0037,2025-05,2025-12,7,Organic,Pro,1,7900
C0038,2025-03,2025-03,0,Organic,Pro,1,7900
C0038,2025-03,2025-04,1,Organic,Pro,1,7900
C0038,2025-03,2025-05,2,Organic,Pro,1,7900
C0038,2025-03,2025-06,3,Organic,Pro,1,7900
C0038,2025-03,2025-07,4,Organic,Pro,1,7900
C0038,2025-03,2025-08,5,Organic,Pro,1,7900
C0038,2025-03,2025-09,6,Organic,Pro,1,7900
C0038,2025-03,2025-10,7,Organic,Pro,1,7900
C0038,2025-03,2025-11,8,Organic,Pro,1,7900
C0038,2025-03,2025-12,9,Organic,Pro,1,7900
C0039,2025-01,2025-01,0,Organic,Pro,1,7900
C0039,2025-01,2025-02,1,Organic,Pro,1,7900
C0039,2025-01,2025-03,2,Organic,Pro,1,7900
C0039,2025-01,2025-04,3,Organic,Pro,0,0
C0039,2025-01,2025-05,4,Organic,Pro,0,0
C0039,2025-01,2025-06,5,Organic,Pro,0,0
C0039,2025-01,2025-07,6,Organic,Pro,0,0
C0039,2025-01,2025-08,7,Organic,Pro,0,0
C0039,2025-01,2025-09,8,Organic,Pro,0,0
C0039,2025-01,2025-10,9,Organic,Pro,0,0
C0039,2025-01,2025-11,10,Organic,Pro,0,0
C0039,2025-01,2025-12,11,Organic,Pro,0,0
C0040,2025-02,2025-02,0,Organic,Pro,1,7900
C0040,2025-02,2025-03,1,Organic,Pro,0,0
C0040,2025-02,2025-04,2,Organic,Pro,0,0
C0040,2025-02,2025-05,3,Organic,Pro,0,0
C0040,2025-02,2025-06,4,Organic,Pro,0,0
C0040,2025-02,2025-07,5,Organic,Pro,0,0
C0040,2025-02,2025-08,6,Organic,Pro,0,0
C0040,2025-02,2025-09,7,Organic,Pro,0,0
C0040,2025-02,2025-10,8,Organic,Pro,0,0
C0040,2025-02,2025-11,9,Organic,Pro,0,0
C0040,2025-02,2025-12,10,Organic,Pro,0,0
C0041,2025-01,2025-01,0,Paid,Basic,1,2900
C0041,2025-01,2025-02,1,Paid,Basic,1,2900
C0041,2025-01,2025-03,2,Paid,Basic,0,0
C0041,2025-01,2025-04,3,Paid,Basic,0,0
C0041,2025-01,2025-05,4,Paid,Basic,0,0
C0041,2025-01,2025-06,5,Paid,Basic,0,0
C0041,2025-01,2025-07,6,Paid,Basic,0,0
C0041,2025-01,2025-08,7,Paid,Basic,0,0
C0041,2025-01,2025-09,8,Paid,Basic,0,0
C0041,2025-01,2025-10,9,Paid,Basic,0,0
C0041,2025-01,2025-11,10,Paid,Basic,0,0
C0041,2025-01,2025-12,11,Paid,Basic,0,0
C0042,2025-04,2025-04,0,Organic,Pro,1,7900
C0042,2025-04,2025-05,1,Organic,Pro,1,7900
C0042,2025-04,2025-06,2,Organic,Pro,1,7900
C0042,2025-04,2025-07,3,Organic,Pro,1,7900
C0042,2025-04,2025-08,4,Organic,Pro,1,7900
C0042,2025-04,2025-09,5,Organic,Pro,1,7900
C0042,2025-04,2025-10,6,Organic,Pro,1,7900
C0042,2025-04,2025-11,7,Organic,Pro,1,7900
C0042,2025-04,2025-12,8,Organic,Pro,1,7900
C0043,2025-06,2025-06,0,Paid,Pro,1,7900
C0043,2025-06,2025-07,1,Paid,Pro,1,7900
C0043,2025-06,2025-08,2,Paid,Pro,1,7900
C0043,2025-06,2025-09,3,Paid,Pro,1,7900
C0043,2025-06,2025-10,4,Paid,Pro,1,7900
C0043,2025-06,2025-11,5,Paid,Pro,1,7900
C0043,2025-06,2025-12,6,Paid,Pro,1,7900
C0044,2025-04,2025-04,0,Organic,Basic,1,2900
C0044,2025-04,2025-05,1,Organic,Basic,1,2900
C0044,2025-04,2025-06,2,Organic,Basic,1,2900
C0044,2025-04,2025-07,3,Organic,Basic,1,2900
C0044,2025-04,2025-08,4,Organic,Basic,1,2900
C0044,2025-04,2025-09,5,Organic,Basic,1,2900
C0044,2025-04,2025-10,6,Organic,Basic,1,2900
C0044,2025-04,2025-11,7,Organic,Basic,1,2900
C0044,2025-04,2025-12,8,Organic,Basic,1,2900
C0045,2025-01,2025-01,0,Paid,Basic,1,2900
C0045,2025-01,2025-02,1,Paid,Basic,1,2900
C0045,2025-01,2025-03,2,Paid,Basic,1,2900
C0045,2025-01,2025-04,3,Paid,Basic,1,2900
C0045,2025-01,2025-05,4,Paid,Basic,1,2900
C0045,2025-01,2025-06,5,Paid,Basic,1,2900
C0045,2025-01,2025-07,6,Paid,Basic,1,2900
C0045,2025-01,2025-08,7,Paid,Basic,1,2900
C0045,2025-01,2025-09,8,Paid,Basic,1,2900
C0045,2025-01,2025-10,9,Paid,Basic,1,2900
C0045,2025-01,2025-11,10,Paid,Basic,1,2900
C0045,2025-01,2025-12,11,Paid,Basic,1,2900
C0046,2025-03,2025-03,0,Organic,Pro,1,7900
C0046,2025-03,2025-04,1,Organic,Pro,1,7900
C0046,2025-03,2025-05,2,Organic,Pro,1,7900
C0046,2025-03,2025-06,3,Organic,Pro,1,7900
C0046,2025-03,2025-07,4,Organic,Pro,1,7900
C0046,2025-03,2025-08,5,Organic,Pro,1,7900
C0046,2025-03,2025-09,6,Organic,Pro,1,7900
C0046,2025-03,2025-10,7,Organic,Pro,1,7900
C0046,2025-03,2025-11,8,Organic,Pro,1,7900
C0046,2025-03,2025-12,9,Organic,Pro,1,7900
C0047,2025-05,2025-05,0,Referral,Basic,1,2900
C0047,2025-05,2025-06,1,Referral,Basic,1,2900
C0047,2025-05,2025-07,2,Referral,Basic,1,2900
C0047,2025-05,2025-08,3,Referral,Basic,1,2900
C0047,2025-05,2025-09,4,Referral,Basic,1,2900
C0047,2025-05,2025-10,5,Referral,Basic,1,2900
C0047,2025-05,2025-11,6,Referral,Basic,1,2900
C0047,2025-05,2025-12,7,Referral,Basic,1,2900
C0048,2025-01,2025-01,0,Organic,Basic,1,2900
C0048,2025-01,2025-02,1,Organic,Basic,1,2900
C0048,2025-01,2025-03,2,Organic,Basic,0,0
C0048,2025-01,2025-04,3,Organic,Basic,0,0
C0048,2025-01,2025-05,4,Organic,Basic,0,0
C0048,2025-01,2025-06,5,Organic,Basic,0,0
C0048,2025-01,2025-07,6,Organic,Basic,0,0
C0048,2025-01,2025-08,7,Organic,Basic,0,0
C0048,2025-01,2025-09,8,Organic,Basic,0,0
C0048,2025-01,2025-10,9,Organic,Basic,0,0
C0048,2025-01,2025-11,10,Organic,Basic,0,0
C0048,2025-01,2025-12,11,Organic,Basic,0,0
C0049,2025-04,2025-04,0,Paid,Basic,1,2900
C0049,2025-04,2025-05,1,Paid,Basic,0,0
C0049,2025-04,2025-06,2,Paid,Basic,0,0
C0049,2025-04,2025-07,3,Paid,Basic,0,0
C0049,2025-04,2025-08,4,Paid,Basic,0,0
C0049,2025-04,2025-09,5,Paid,Basic,0,0
C0049,2025-04,2025-10,6,Paid,Basic,0,0
C0049,2025-04,2025-11,7,Paid,Basic,0,0
C0049,2025-04,2025-12,8,Paid,Basic,0,0
C0050,2025-02,2025-02,0,Paid,Basic,1,2900
C0050,2025-02,2025-03,1,Paid,Basic,1,2900
C0050,2025-02,2025-04,2,Paid,Basic,1,2900
C0050,2025-02,2025-05,3,Paid,Basic,1,2900
C0050,2025-02,2025-06,4,Paid,Basic,1,2900
C0050,2025-02,2025-07,5,Paid,Basic,1,2900
C0050,2025-02,2025-08,6,Paid,Basic,1,2900
C0050,2025-02,2025-09,7,Paid,Basic,1,2900
C0050,2025-02,2025-10,8,Paid,Basic,1,2900
C0050,2025-02,2025-11,9,Paid,Basic,1,2900
C0050,2025-02,2025-12,10,Paid,Basic,1,2900
C0051,2025-01,2025-01,0,Referral,Basic,1,2900
C0051,2025-01,2025-02,1,Referral,Basic,1,2900
C0051,2025-01,2025-03,2,Referral,Basic,1,2900
C0051,2025-01,2025-04,3,Referral,Basic,1,2900
C0051,2025-01,2025-05,4,Referral,Basic,1,2900
C0051,2025-01,2025-06,5,Referral,Basic,1,2900
C0051,2025-01,2025-07,6,Referral,Basic,1,2900
C0051,2025-01,2025-08,7,Referral,Basic,1,2900
C0051,2025-01,2025-09,8,Referral,Basic,1,2900
C0051,2025-01,2025-10,9,Referral,Basic,0,0
C0051,2025-01,2025-11,10,Referral,Basic,0,0
C0051,2025-01,2025-12,11,Referral,Basic,0,0
C0052,2025-04,2025-04,0,Organic,Basic,1,2900
C0052,2025-04,2025-05,1,Organic,Basic,1,2900
C0052,2025-04,2025-06,2,Organic,Basic,1,2900
C0052,2025-04,2025-07,3,Organic,Basic,1,2900
C0052,2025-04,2025-08,4,Organic,Basic,1,2900
C0052,2025-04,2025-09,5,Organic,Basic,1,2900
C0052,2025-04,2025-10,6,Organic,Basic,1,2900
C0052,2025-04,2025-11,7,Organic,Basic,1,2900
C0052,2025-04,2025-12,8,Organic,Basic,0,0
C0053,2025-03,2025-03,0,Referral,Basic,1,2900
C0053,2025-03,2025-04,1,Referral,Basic,1,2900
C0053,2025-03,2025-05,2,Referral,Basic,1,2900
C0053,2025-03,2025-06,3,Referral,Basic,1,2900
C0053,2025-03,2025-07,4,Referral,Basic,1,2900
C0053,2025-03,2025-08,5,Referral,Basic,1,2900
C0053,2025-03,2025-09,6,Referral,Basic,1,2900
C0053,2025-03,2025-10,7,Referral,Basic,1,2900
C0053,2025-03,2025-11,8,Referral,Basic,1,2900
C0053,2025-03,2025-12,9,Referral,Basic,1,2900
C0054,2025-04,2025-04,0,Paid,Pro,1,7900
C0054,2025-04,2025-05,1,Paid,Pro,1,7900
C0054,2025-04,2025-06,2,Paid,Pro,1,7900
C0054,2025-04,2025-07,3,Paid,Pro,1,7900
C0054,2025-04,2025-08,4,Paid,Pro,1,7900
C0054,2025-04,2025-09,5,Paid,Pro,0,0
C0054,2025-04,2025-10,6,Paid,Pro,0,0
C0054,2025-04,2025-11,7,Paid,Pro,0,0
C0054,2025-04,2025-12,8,Paid,Pro,0,0
C0055,2025-01,2025-01,0,Organic,Pro,1,7900
C0055,2025-01,2025-02,1,Organic,Pro,1,7900
C0055,2025-01,2025-03,2,Organic,Pro,1,7900
C0055,2025-01,2025-04,3,Organic,Pro,1,7900
C0055,2025-01,2025-05,4,Organic,Pro,1,7900
C0055,2025-01,2025-06,5,Organic,Pro,1,7900
C0055,2025-01,2025-07,6,Organic,Pro,1,7900
C0055,2025-01,2025-08,7,Organic,Pro,1,7900
C0055,2025-01,2025-09,8,Organic,Pro,1,7900
C0055,2025-01,2025-10,9,Organic,Pro,1,7900
C0055,2025-01,2025-11,10,Organic,Pro,1,7900
C0055,2025-01,2025-12,11,Organic,Pro,1,7900
C0056,2025-03,2025-03,0,Paid,Basic,1,2900
C0056,2025-03,2025-04,1,Paid,Basic,1,2900
C0056,2025-03,2025-05,2,Paid,Basic,1,2900
C0056,2025-03,2025-06,3,Paid,Basic,1,2900
C0056,2025-03,2025-07,4,Paid,Basic,0,0
C0056,2025-03,2025-08,5,Paid,Basic,0,0
C0056,2025-03,2025-09,6,Paid,Basic,0,0
C0056,2025-03,2025-10,7,Paid,Basic,0,0
C0056,2025-03,2025-11,8,Paid,Basic,0,0
C0056,2025-03,2025-12,9,Paid,Basic,0,0
C0057,2025-01,2025-01,0,Referral,Pro,1,7900
C0057,2025-01,2025-02,1,Referral,Pro,1,7900
C0057,2025-01,2025-03,2,Referral,Pro,1,7900
C0057,2025-01,2025-04,3,Referral,Pro,1,7900
C0057,2025-01,2025-05,4,Referral,Pro,1,7900
C0057,2025-01,2025-06,5,Referral,Pro,1,7900
C0057,2025-01,2025-07,6,Referral,Pro,1,7900
C0057,2025-01,2025-08,7,Referral,Pro,0,0
C0057,2025-01,2025-09,8,Referral,Pro,0,0
C0057,2025-01,2025-10,9,Referral,Pro,0,0
C0057,2025-01,2025-11,10,Referral,Pro,0,0
C0057,2025-01,2025-12,11,Referral,Pro,0,0
C0058,2025-06,2025-06,0,Organic,Pro,1,7900
C0058,2025-06,2025-07,1,Organic,Pro,1,7900
C0058,2025-06,2025-08,2,Organic,Pro,1,7900
C0058,2025-06,2025-09,3,Organic,Pro,1,7900
C0058,2025-06,2025-10,4,Organic,Pro,1,7900
C0058,2025-06,2025-11,5,Organic,Pro,1,7900
C0058,2025-06,2025-12,6,Organic,Pro,1,7900
C0059,2025-02,2025-02,0,Paid,Pro,1,7900
C0059,2025-02,2025-03,1,Paid,Pro,1,7900
C0059,2025-02,2025-04,2,Paid,Pro,1,7900
C0059,2025-02,2025-05,3,Paid,Pro,0,0
C0059,2025-02,2025-06,4,Paid,Pro,0,0
C0059,2025-02,2025-07,5,Paid,Pro,0,0
C0059,2025-02,2025-08,6,Paid,Pro,0,0
C0059,2025-02,2025-09,7,Paid,Pro,0,0
C0059,2025-02,2025-10,8,Paid,Pro,0,0
C0059,2025-02,2025-11,9,Paid,Pro,0,0
C0059,2025-02,2025-12,10,Paid,Pro,0,0
C0060,2025-01,2025-01,0,Paid,Pro,1,7900
C0060,2025-01,2025-02,1,Paid,Pro,1,7900
C0060,2025-01,2025-03,2,Paid,Pro,1,7900
C0060,2025-01,2025-04,3,Paid,Pro,0,0
C0060,2025-01,2025-05,4,Paid,Pro,0,0
C0060,2025-01,2025-06,5,Paid,Pro,0,0
C0060,2025-01,2025-07,6,Paid,Pro,0,0
C0060,2025-01,2025-08,7,Paid,Pro,0,0
C0060,2025-01,2025-09,8,Paid,Pro,0,0
C0060,2025-01,2025-10,9,Paid,Pro,0,0
C0060,2025-01,2025-11,10,Paid,Pro,0,0
C0060,2025-01,2025-12,11,Paid,Pro,0,0
C0061,2025-01,2025-01,0,Referral,Pro,1,7900
C0061,2025-01,2025-02,1,Referral,Pro,1,7900
C0061,2025-01,2025-03,2,Referral,Pro,1,7900
C0061,2025-01,2025-04,3,Referral,Pro,1,7900
C0061,2025-01,2025-05,4,Referral,Pro,1,7900
C0061,2025-01,2025-06,5,Referral,Pro,1,7900
C0061,2025-01,2025-07,6,Referral,Pro,1,7900
C0061,2025-01,2025-08,7,Referral,Pro,1,7900
C0061,2025-01,2025-09,8,Referral,Pro,1,7900
C0061,2025-01,2025-10,9,Referral,Pro,1,7900
C0061,2025-01,2025-11,10,Referral,Pro,1,7900
C0061,2025-01,2025-12,11,Referral,Pro,1,7900
C0062,2025-01,2025-01,0,Referral,Pro,1,7900
C0062,2025-01,2025-02,1,Referral,Pro,1,7900
C0062,2025-01,2025-03,2,Referral,Pro,1,7900
C0062,2025-01,2025-04,3,Referral,Pro,1,7900
C0062,2025-01,2025-05,4,Referral,Pro,1,7900
C0062,2025-01,2025-06,5,Referral,Pro,1,7900
C0062,2025-01,2025-07,6,Referral,Pro,1,7900
C0062,2025-01,2025-08,7,Referral,Pro,1,7900
C0062,2025-01,2025-09,8,Referral,Pro,1,7900
C0062,2025-01,2025-10,9,Referral,Pro,1,7900
C0062,2025-01,2025-11,10,Referral,Pro,1,7900
C0062,2025-01,2025-12,11,Referral,Pro,1,7900
C0063,2025-05,2025-05,0,Organic,Basic,1,2900
C0063,2025-05,2025-06,1,Organic,Basic,1,2900
C0063,2025-05,2025-07,2,Organic,Basic,1,2900
C0063,2025-05,2025-08,3,Organic,Basic,1,2900
C0063,2025-05,2025-09,4,Organic,Basic,1,2900
C0063,2025-05,2025-10,5,Organic,Basic,1,2900
C0063,2025-05,2025-11,6,Organic,Basic,1,2900
C0063,2025-05,2025-12,7,Organic,Basic,1,2900
C0064,2025-03,2025-03,0,Organic,Basic,1,2900
C0064,2025-03,2025-04,1,Organic,Basic,1,2900
C0064,2025-03,2025-05,2,Organic,Basic,1,2900
C0064,2025-03,2025-06,3,Organic,Basic,1,2900
C0064,2025-03,2025-07,4,Organic,Basic,1,2900
C0064,2025-03,2025-08,5,Organic,Basic,1,2900
C0064,2025-03,2025-09,6,Organic,Basic,1,2900
C0064,2025-03,2025-10,7,Organic,Basic,1,2900
C0064,2025-03,2025-11,8,Organic,Basic,1,2900
C0064,2025-03,2025-12,9,Organic,Basic,1,2900
C0065,2025-02,2025-02,0,Organic,Pro,1,7900
C0065,2025-02,2025-03,1,Organic,Pro,1,7900
C0065,2025-02,2025-04,2,Organic,Pro,1,7900
C0065,2025-02,2025-05,3,Organic,Pro,1,7900
C0065,2025-02,2025-06,4,Organic,Pro,1,7900
C0065,2025-02,2025-07,5,Organic,Pro,1,7900
C0065,2025-02,2025-08,6,Organic,Pro,1,7900
C0065,2025-02,2025-09,7,Organic,Pro,1,7900
C0065,2025-02,2025-10,8,Organic,Pro,1,7900
C0065,2025-02,2025-11,9,Organic,Pro,1,7900
C0065,2025-02,2025-12,10,Organic,Pro,1,7900
C0066,2025-04,2025-04,0,Paid,Basic,1,2900
C0066,2025-04,2025-05,1,Paid,Basic,1,2900
C0066,2025-04,2025-06,2,Paid,Basic,1,2900
C0066,2025-04,2025-07,3,Paid,Basic,1,2900
C0066,2025-04,2025-08,4,Paid,Basic,1,2900
C0066,2025-04,2025-09,5,Paid,Basic,1,2900
C0066,2025-04,2025-10,6,Paid,Basic,0,0
C0066,2025-04,2025-11,7,Paid,Basic,0,0
C0066,2025-04,2025-12,8,Paid,Basic,0,0
C0067,2025-04,2025-04,0,Referral,Pro,1,7900
C0067,2025-04,2025-05,1,Referral,Pro,1,7900
C0067,2025-04,2025-06,2,Referral,Pro,1,7900
C0067,2025-04,2025-07,3,Referral,Pro,1,7900
C0067,2025-04,2025-08,4,Referral,Pro,1,7900
C0067,2025-04,2025-09,5,Referral,Pro,1,7900
C0067,2025-04,2025-10,6,Referral,Pro,1,7900
C0067,2025-04,2025-11,7,Referral,Pro,1,7900
C0067,2025-04,2025-12,8,Referral,Pro,1,7900
C0068,2025-03,2025-03,0,Organic,Pro,1,7900
C0068,2025-03,2025-04,1,Organic,Pro,1,7900
C0068,2025-03,2025-05,2,Organic,Pro,1,7900
C0068,2025-03,2025-06,3,Organic,Pro,1,7900
C0068,2025-03,2025-07,4,Organic,Pro,1,7900
C0068,2025-03,2025-08,5,Organic,Pro,1,7900
C0068,2025-03,2025-09,6,Organic,Pro,1,7900
C0068,2025-03,2025-10,7,Organic,Pro,1,7900
C0068,2025-03,2025-11,8,Organic,Pro,1,7900
C0068,2025-03,2025-12,9,Organic,Pro,1,7900
C0069,2025-02,2025-02,0,Organic,Pro,1,7900
C0069,2025-02,2025-03,1,Organic,Pro,1,7900
C0069,2025-02,2025-04,2,Organic,Pro,0,0
C0069,2025-02,2025-05,3,Organic,Pro,0,0
C0069,2025-02,2025-06,4,Organic,Pro,0,0
C0069,2025-02,2025-07,5,Organic,Pro,0,0
C0069,2025-02,2025-08,6,Organic,Pro,0,0
C0069,2025-02,2025-09,7,Organic,Pro,0,0
C0069,2025-02,2025-10,8,Organic,Pro,0,0
C0069,2025-02,2025-11,9,Organic,Pro,0,0
C0069,2025-02,2025-12,10,Organic,Pro,0,0
C0070,2025-02,2025-02,0,Paid,Pro,1,7900
C0070,2025-02,2025-03,1,Paid,Pro,0,0
C0070,2025-02,2025-04,2,Paid,Pro,0,0
C0070,2025-02,2025-05,3,Paid,Pro,0,0
C0070,2025-02,2025-06,4,Paid,Pro,0,0
C0070,2025-02,2025-07,5,Paid,Pro,0,0
C0070,2025-02,2025-08,6,Paid,Pro,0,0
C0070,2025-02,2025-09,7,Paid,Pro,0,0
C0070,2025-02,2025-10,8,Paid,Pro,0,0
C0070,2025-02,2025-11,9,Paid,Pro,0,0
C0070,2025-02,2025-12,10,Paid,Pro,0,0
C0071,2025-03,2025-03,0,Organic,Basic,1,2900
C0071,2025-03,2025-04,1,Organic,Basic,1,2900
C0071,2025-03,2025-05,2,Organic,Basic,1,2900
C0071,2025-03,2025-06,3,Organic,Basic,1,2900
C0071,2025-03,2025-07,4,Organic,Basic,1,2900
C0071,2025-03,2025-08,5,Organic,Basic,1,2900
C0071,2025-03,2025-09,6,Organic,Basic,1,2900
C0071,2025-03,2025-10,7,Organic,Basic,1,2900
C0071,2025-03,2025-11,8,Organic,Basic,1,2900
C0071,2025-03,2025-12,9,Organic,Basic,1,2900
C0072,2025-03,2025-03,0,Paid,Pro,1,7900
C0072,2025-03,2025-04,1,Paid,Pro,1,7900
C0072,2025-03,2025-05,2,Paid,Pro,1,7900
C0072,2025-03,2025-06,3,Paid,Pro,1,7900
C0072,2025-03,2025-07,4,Paid,Pro,1,7900
C0072,2025-03,2025-08,5,Paid,Pro,1,7900
C0072,2025-03,2025-09,6,Paid,Pro,1,7900
C0072,2025-03,2025-10,7,Paid,Pro,1,7900
C0072,2025-03,2025-11,8,Paid,Pro,1,7900
C0072,2025-03,2025-12,9,Paid,Pro,1,7900
C0073,2025-02,2025-02,0,Referral,Basic,1,2900
C0073,2025-02,2025-03,1,Referral,Basic,1,2900
C0073,2025-02,2025-04,2,Referral,Basic,1,2900
C0073,2025-02,2025-05,3,Referral,Basic,1,2900
C0073,2025-02,2025-06,4,Referral,Basic,1,2900
C0073,2025-02,2025-07,5,Referral,Basic,1,2900
C0073,2025-02,2025-08,6,Referral,Basic,1,2900
C0073,2025-02,2025-09,7,Referral,Basic,1,2900
C0073,2025-02,2025-10,8,Referral,Basic,1,2900
C0073,2025-02,2025-11,9,Referral,Basic,1,2900
C0073,2025-02,2025-12,10,Referral,Basic,1,2900
C0074,2025-06,2025-06,0,Organic,Basic,1,2900
C0074,2025-06,2025-07,1,Organic,Basic,1,2900
C0074,2025-06,2025-08,2,Organic,Basic,1,2900
C0074,2025-06,2025-09,3,Organic,Basic,1,2900
C0074,2025-06,2025-10,4,Organic,Basic,1,2900
C0074,2025-06,2025-11,5,Organic,Basic,1,2900
C0074,2025-06,2025-12,6,Organic,Basic,1,2900
C0075,2025-06,2025-06,0,Paid,Basic,1,2900
C0075,2025-06,2025-07,1,Paid,Basic,1,2900
C0075,2025-06,2025-08,2,Paid,Basic,1,2900
C0075,2025-06,2025-09,3,Paid,Basic,1,2900
C0075,2025-06,2025-10,4,Paid,Basic,1,2900
C0075,2025-06,2025-11,5,Paid,Basic,1,2900
C0075,2025-06,2025-12,6,Paid,Basic,1,2900
C0076,2025-05,2025-05,0,Organic,Basic,1,2900
C0076,2025-05,2025-06,1,Organic,Basic,1,2900
C0076,2025-05,2025-07,2,Organic,Basic,0,0
C0076,2025-05,2025-08,3,Organic,Basic,0,0
C0076,2025-05,2025-09,4,Organic,Basic,0,0
C0076,2025-05,2025-10,5,Organic,Basic,0,0
C0076,2025-05,2025-11,6,Organic,Basic,0,0
C0076,2025-05,2025-12,7,Organic,Basic,0,0
C0077,2025-01,2025-01,0,Paid,Pro,1,7900
C0077,2025-01,2025-02,1,Paid,Pro,0,0
C0077,2025-01,2025-03,2,Paid,Pro,0,0
C0077,2025-01,2025-04,3,Paid,Pro,0,0
C0077,2025-01,2025-05,4,Paid,Pro,0,0
C0077,2025-01,2025-06,5,Paid,Pro,0,0
C0077,2025-01,2025-07,6,Paid,Pro,0,0
C0077,2025-01,2025-08,7,Paid,Pro,0,0
C0077,2025-01,2025-09,8,Paid,Pro,0,0
C0077,2025-01,2025-10,9,Paid,Pro,0,0
C0077,2025-01,2025-11,10,Paid,Pro,0,0
C0077,2025-01,2025-12,11,Paid,Pro,0,0
C0078,2025-03,2025-03,0,Referral,Basic,1,2900
C0078,2025-03,2025-04,1,Referral,Basic,1,2900
C0078,2025-03,2025-05,2,Referral,Basic,1,2900
C0078,2025-03,2025-06,3,Referral,Basic,1,2900
C0078,2025-03,2025-07,4,Referral,Basic,1,2900
C0078,2025-03,2025-08,5,Referral,Basic,1,2900
C0078,2025-03,2025-09,6,Referral,Basic,1,2900
C0078,2025-03,2025-10,7,Referral,Basic,1,2900
C0078,2025-03,2025-11,8,Referral,Basic,1,2900
C0078,2025-03,2025-12,9,Referral,Basic,1,2900
C0079,2025-02,2025-02,0,Paid,Pro,1,7900
C0079,2025-02,2025-03,1,Paid,Pro,1,7900
C0079,2025-02,2025-04,2,Paid,Pro,1,7900
C0079,2025-02,2025-05,3,Paid,Pro,1,7900
C0079,2025-02,2025-06,4,Paid,Pro,1,7900
C0079,2025-02,2025-07,5,Paid,Pro,1,7900
C0079,2025-02,2025-08,6,Paid,Pro,1,7900
C0079,2025-02,2025-09,7,Paid,Pro,1,7900
C0079,2025-02,2025-10,8,Paid,Pro,1,7900
C0079,2025-02,2025-11,9,Paid,Pro,1,7900
C0079,2025-02,2025-12,10,Paid,Pro,1,7900
C0080,2025-02,2025-02,0,Paid,Basic,1,2900
C0080,2025-02,2025-03,1,Paid,Basic,1,2900
C0080,2025-02,2025-04,2,Paid,Basic,1,2900
C0080,2025-02,2025-05,3,Paid,Basic,1,2900
C0080,2025-02,2025-06,4,Paid,Basic,1,2900
C0080,2025-02,2025-07,5,Paid,Basic,1,2900
C0080,2025-02,2025-08,6,Paid,Basic,1,2900
C0080,2025-02,2025-09,7,Paid,Basic,1,2900
C0080,2025-02,2025-10,8,Paid,Basic,0,0
C0080,2025-02,2025-11,9,Paid,Basic,0,0
C0080,2025-02,2025-12,10,Paid,Basic,0,0
C0081,2025-05,2025-05,0,Paid,Pro,1,7900
C0081,2025-05,2025-06,1,Paid,Pro,1,7900
C0081,2025-05,2025-07,2,Paid,Pro,0,0
C0081,2025-05,2025-08,3,Paid,Pro,0,0
C0081,2025-05,2025-09,4,Paid,Pro,0,0
C0081,2025-05,2025-10,5,Paid,Pro,0,0
C0081,2025-05,2025-11,6,Paid,Pro,0,0
C0081,2025-05,2025-12,7,Paid,Pro,0,0
C0082,2025-04,2025-04,0,Referral,Pro,1,7900
C0082,2025-04,2025-05,1,Referral,Pro,1,7900
C0082,2025-04,2025-06,2,Referral,Pro,1,7900
C0082,2025-04,2025-07,3,Referral,Pro,1,7900
C0082,2025-04,2025-08,4,Referral,Pro,1,7900
C0082,2025-04,2025-09,5,Referral,Pro,1,7900
C0082,2025-04,2025-10,6,Referral,Pro,1,7900
C0082,2025-04,2025-11,7,Referral,Pro,1,7900
C0082,2025-04,2025-12,8,Referral,Pro,1,7900
C0083,2025-04,2025-04,0,Referral,Basic,1,2900
C0083,2025-04,2025-05,1,Referral,Basic,1,2900
C0083,2025-04,2025-06,2,Referral,Basic,1,2900
C0083,2025-04,2025-07,3,Referral,Basic,1,2900
C0083,2025-04,2025-08,4,Referral,Basic,1,2900
C0083,2025-04,2025-09,5,Referral,Basic,1,2900
C0083,2025-04,2025-10,6,Referral,Basic,1,2900
C0083,2025-04,2025-11,7,Referral,Basic,1,2900
C0083,2025-04,2025-12,8,Referral,Basic,1,2900
C0084,2025-05,2025-05,0,Referral,Pro,1,7900
C0084,2025-05,2025-06,1,Referral,Pro,1,7900
C0084,2025-05,2025-07,2,Referral,Pro,1,7900
C0084,2025-05,2025-08,3,Referral,Pro,1,7900
C0084,2025-05,2025-09,4,Referral,Pro,1,7900
C0084,2025-05,2025-10,5,Referral,Pro,1,7900
C0084,2025-05,2025-11,6,Referral,Pro,1,7900
C0084,2025-05,2025-12,7,Referral,Pro,1,7900
C0085,2025-06,2025-06,0,Organic,Pro,1,7900
C0085,2025-06,2025-07,1,Organic,Pro,1,7900
C0085,2025-06,2025-08,2,Organic,Pro,1,7900
C0085,2025-06,2025-09,3,Organic,Pro,1,7900
C0085,2025-06,2025-10,4,Organic,Pro,1,7900
C0085,2025-06,2025-11,5,Organic,Pro,1,7900
C0085,2025-06,2025-12,6,Organic,Pro,1,7900
C0086,2025-05,2025-05,0,Organic,Pro,1,7900
C0086,2025-05,2025-06,1,Organic,Pro,0,0
C0086,2025-05,2025-07,2,Organic,Pro,0,0
C0086,2025-05,2025-08,3,Organic,Pro,0,0
C0086,2025-05,2025-09,4,Organic,Pro,0,0
C0086,2025-05,2025-10,5,Organic,Pro,0,0
C0086,2025-05,2025-11,6,Organic,Pro,0,0
C0086,2025-05,2025-12,7,Organic,Pro,0,0
C0087,2025-04,2025-04,0,Paid,Basic,1,2900
C0087,2025-04,2025-05,1,Paid,Basic,1,2900
C0087,2025-04,2025-06,2,Paid,Basic,1,2900
C0087,2025-04,2025-07,3,Paid,Basic,1,2900
C0087,2025-04,2025-08,4,Paid,Basic,1,2900
C0087,2025-04,2025-09,5,Paid,Basic,1,2900
C0087,2025-04,2025-10,6,Paid,Basic,1,2900
C0087,2025-04,2025-11,7,Paid,Basic,1,2900
C0087,2025-04,2025-12,8,Paid,Basic,1,2900
C0088,2025-01,2025-01,0,Organic,Pro,1,7900
C0088,2025-01,2025-02,1,Organic,Pro,1,7900
C0088,2025-01,2025-03,2,Organic,Pro,1,7900
C0088,2025-01,2025-04,3,Organic,Pro,0,0
C0088,2025-01,2025-05,4,Organic,Pro,0,0
C0088,2025-01,2025-06,5,Organic,Pro,0,0
C0088,2025-01,2025-07,6,Organic,Pro,0,0
C0088,2025-01,2025-08,7,Organic,Pro,0,0
C0088,2025-01,2025-09,8,Organic,Pro,0,0
C0088,2025-01,2025-10,9,Organic,Pro,0,0
C0088,2025-01,2025-11,10,Organic,Pro,0,0
C0088,2025-01,2025-12,11,Organic,Pro,0,0
C0089,2025-04,2025-04,0,Referral,Basic,1,2900
C0089,2025-04,2025-05,1,Referral,Basic,1,2900
C0089,2025-04,2025-06,2,Referral,Basic,1,2900
C0089,2025-04,2025-07,3,Referral,Basic,1,2900
C0089,2025-04,2025-08,4,Referral,Basic,1,2900
C0089,2025-04,2025-09,5,Referral,Basic,1,2900
C0089,2025-04,2025-10,6,Referral,Basic,1,2900
C0089,2025-04,2025-11,7,Referral,Basic,1,2900
C0089,2025-04,2025-12,8,Referral,Basic,1,2900
C0090,2025-05,2025-05,0,Organic,Basic,1,2900
C0090,2025-05,2025-06,1,Organic,Basic,1,2900
C0090,2025-05,2025-07,2,Organic,Basic,1,2900
C0090,2025-05,2025-08,3,Organic,Basic,1,2900
C0090,2025-05,2025-09,4,Organic,Basic,1,2900
C0090,2025-05,2025-10,5,Organic,Basic,1,2900
C0090,2025-05,2025-11,6,Organic,Basic,1,2900
C0090,2025-05,2025-12,7,Organic,Basic,1,2900
C0091,2025-04,2025-04,0,Organic,Basic,1,2900
C0091,2025-04,2025-05,1,Organic,Basic,1,2900
C0091,2025-04,2025-06,2,Organic,Basic,1,2900
C0091,2025-04,2025-07,3,Organic,Basic,1,2900
C0091,2025-04,2025-08,4,Organic,Basic,1,2900
C0091,2025-04,2025-09,5,Organic,Basic,1,2900
C0091,2025-04,2025-10,6,Organic,Basic,1,2900
C0091,2025-04,2025-11,7,Organic,Basic,1,2900
C0091,2025-04,2025-12,8,Organic,Basic,1,2900
C0092,2025-01,2025-01,0,Referral,Basic,1,2900
C0092,2025-01,2025-02,1,Referral,Basic,1,2900
C0092,2025-01,2025-03,2,Referral,Basic,1,2900
C0092,2025-01,2025-04,3,Referral,Basic,1,2900
C0092,2025-01,2025-05,4,Referral,Basic,1,2900
C0092,2025-01,2025-06,5,Referral,Basic,1,2900
C0092,2025-01,2025-07,6,Referral,Basic,1,2900
C0092,2025-01,2025-08,7,Referral,Basic,0,0
C0092,2025-01,2025-09,8,Referral,Basic,0,0
C0092,2025-01,2025-10,9,Referral,Basic,0,0
C0092,2025-01,2025-11,10,Referral,Basic,0,0
C0092,2025-01,2025-12,11,Referral,Basic,0,0
C0093,2025-01,2025-01,0,Paid,Basic,1,2900
C0093,2025-01,2025-02,1,Paid,Basic,1,2900
C0093,2025-01,2025-03,2,Paid,Basic,1,2900
C0093,2025-01,2025-04,3,Paid,Basic,1,2900
C0093,2025-01,2025-05,4,Paid,Basic,1,2900
C0093,2025-01,2025-06,5,Paid,Basic,1,2900
C0093,2025-01,2025-07,6,Paid,Basic,1,2900
C0093,2025-01,2025-08,7,Paid,Basic,1,2900
C0093,2025-01,2025-09,8,Paid,Basic,1,2900
C0093,2025-01,2025-10,9,Paid,Basic,1,2900
C0093,2025-01,2025-11,10,Paid,Basic,1,2900
C0093,2025-01,2025-12,11,Paid,Basic,1,2900
C0094,2025-04,2025-04,0,Organic,Basic,1,2900
C0094,2025-04,2025-05,1,Organic,Basic,1,2900
C0094,2025-04,2025-06,2,Organic,Basic,1,2900
C0094,2025-04,2025-07,3,Organic,Basic,1,2900
C0094,2025-04,2025-08,4,Organic,Basic,1,2900
C0094,2025-04,2025-09,5,Organic,Basic,1,2900
C0094,2025-04,2025-10,6,Organic,Basic,1,2900
C0094,2025-04,2025-11,7,Organic,Basic,0,0
C0094,2025-04,2025-12,8,Organic,Basic,0,0
C0095,2025-03,2025-03,0,Referral,Basic,1,2900
C0095,2025-03,2025-04,1,Referral,Basic,1,2900
C0095,2025-03,2025-05,2,Referral,Basic,1,2900
C0095,2025-03,2025-06,3,Referral,Basic,1,2900
C0095,2025-03,2025-07,4,Referral,Basic,1,2900
C0095,2025-03,2025-08,5,Referral,Basic,1,2900
C0095,2025-03,2025-09,6,Referral,Basic,1,2900
C0095,2025-03,2025-10,7,Referral,Basic,1,2900
C0095,2025-03,2025-11,8,Referral,Basic,1,2900
C0095,2025-03,2025-12,9,Referral,Basic,1,2900
C0096,2025-02,2025-02,0,Referral,Basic,1,2900
C0096,2025-02,2025-03,1,Referral,Basic,1,2900
C0096,2025-02,2025-04,2,Referral,Basic,1,2900
C0096,2025-02,2025-05,3,Referral,Basic,1,2900
C0096,2025-02,2025-06,4,Referral,Basic,1,2900
C0096,2025-02,2025-07,5,Referral,Basic,1,2900
C0096,2025-02,2025-08,6,Referral,Basic,1,2900
C0096,2025-02,2025-09,7,Referral,Basic,1,2900
C0096,2025-02,2025-10,8,Referral,Basic,1,2900
C0096,2025-02,2025-11,9,Referral,Basic,1,2900
C0096,2025-02,2025-12,10,Referral,Basic,1,2900
C0097,2025-02,2025-02,0,Referral,Basic,1,2900
C0097,2025-02,2025-03,1,Referral,Basic,1,2900
C0097,2025-02,2025-04,2,Referral,Basic,1,2900
C0097,2025-02,2025-05,3,Referral,Basic,1,2900
C0097,2025-02,2025-06,4,Referral,Basic,1,2900
C0097,2025-02,2025-07,5,Referral,Basic,1,2900
C0097,2025-02,2025-08,6,Referral,Basic,1,2900
C0097,2025-02,2025-09,7,Referral,Basic,1,2900
C0097,2025-02,2025-10,8,Referral,Basic,1,2900
C0097,2025-02,2025-11,9,Referral,Basic,1,2900
C0097,2025-02,2025-12,10,Referral,Basic,0,0
C0098,2025-02,2025-02,0,Organic,Basic,1,2900
C0098,2025-02,2025-03,1,Organic,Basic,1,2900
C0098,2025-02,2025-04,2,Organic,Basic,1,2900
C0098,2025-02,2025-05,3,Organic,Basic,1,2900
C0098,2025-02,2025-06,4,Organic,Basic,1,2900
C0098,2025-02,2025-07,5,Organic,Basic,1,2900
C0098,2025-02,2025-08,6,Organic,Basic,0,0
C0098,2025-02,2025-09,7,Organic,Basic,0,0
C0098,2025-02,2025-10,8,Organic,Basic,0,0
C0098,2025-02,2025-11,9,Organic,Basic,0,0
C0098,2025-02,2025-12,10,Organic,Basic,0,0
C0099,2025-06,2025-06,0,Referral,Basic,1,2900
C0099,2025-06,2025-07,1,Referral,Basic,1,2900
C0099,2025-06,2025-08,2,Referral,Basic,1,2900
C0099,2025-06,2025-09,3,Referral,Basic,1,2900
C0099,2025-06,2025-10,4,Referral,Basic,1,2900
C0099,2025-06,2025-11,5,Referral,Basic,1,2900
C0099,2025-06,2025-12,6,Referral,Basic,1,2900
C0100,2025-03,2025-03,0,Paid,Pro,1,7900
C0100,2025-03,2025-04,1,Paid,Pro,1,7900
C0100,2025-03,2025-05,2,Paid,Pro,1,7900
C0100,2025-03,2025-06,3,Paid,Pro,0,0
C0100,2025-03,2025-07,4,Paid,Pro,0,0
C0100,2025-03,2025-08,5,Paid,Pro,0,0
C0100,2025-03,2025-09,6,Paid,Pro,0,0
C0100,2025-03,2025-10,7,Paid,Pro,0,0
C0100,2025-03,2025-11,8,Paid,Pro,0,0
C0100,2025-03,2025-12,9,Paid,Pro,0,0
C0101,2025-04,2025-04,0,Paid,Pro,1,7900
C0101,2025-04,2025-05,1,Paid,Pro,1,7900
C0101,2025-04,2025-06,2,Paid,Pro,1,7900
C0101,2025-04,2025-07,3,Paid,Pro,1,7900
C0101,2025-04,2025-08,4,Paid,Pro,1,7900
C0101,2025-04,2025-09,5,Paid,Pro,1,7900
C0101,2025-04,2025-10,6,Paid,Pro,1,7900
C0101,2025-04,2025-11,7,Paid,Pro,1,7900
C0101,2025-04,2025-12,8,Paid,Pro,1,7900
C0102,2025-02,2025-02,0,Organic,Pro,1,7900
C0102,2025-02,2025-03,1,Organic,Pro,1,7900
C0102,2025-02,2025-04,2,Organic,Pro,1,7900
C0102,2025-02,2025-05,3,Organic,Pro,1,7900
C0102,2025-02,2025-06,4,Organic,Pro,1,7900
C0102,2025-02,2025-07,5,Organic,Pro,1,7900
C0102,2025-02,2025-08,6,Organic,Pro,1,7900
C0102,2025-02,2025-09,7,Organic,Pro,1,7900
C0102,2025-02,2025-10,8,Organic,Pro,1,7900
C0102,2025-02,2025-11,9,Organic,Pro,1,7900
C0102,2025-02,2025-12,10,Organic,Pro,1,7900
C0103,2025-02,2025-02,0,Organic,Basic,1,2900
C0103,2025-02,2025-03,1,Organic,Basic,0,0
C0103,2025-02,2025-04,2,Organic,Basic,0,0
C0103,2025-02,2025-05,3,Organic,Basic,0,0
C0103,2025-02,2025-06,4,Organic,Basic,0,0
C0103,2025-02,2025-07,5,Organic,Basic,0,0
C0103,2025-02,2025-08,6,Organic,Basic,0,0
C0103,2025-02,2025-09,7,Organic,Basic,0,0
C0103,2025-02,2025-10,8,Organic,Basic,0,0
C0103,2025-02,2025-11,9,Organic,Basic,0,0
C0103,2025-02,2025-12,10,Organic,Basic,0,0
C0104,2025-02,2025-02,0,Paid,Basic,1,2900
C0104,2025-02,2025-03,1,Paid,Basic,1,2900
C0104,2025-02,2025-04,2,Paid,Basic,1,2900
C0104,2025-02,2025-05,3,Paid,Basic,1,2900
C0104,2025-02,2025-06,4,Paid,Basic,1,2900
C0104,2025-02,2025-07,5,Paid,Basic,1,2900
C0104,2025-02,2025-08,6,Paid,Basic,1,2900
C0104,2025-02,2025-09,7,Paid,Basic,1,2900
C0104,2025-02,2025-10,8,Paid,Basic,1,2900
C0104,2025-02,2025-11,9,Paid,Basic,1,2900
C0104,2025-02,2025-12,10,Paid,Basic,0,0
C0105,2025-06,2025-06,0,Organic,Basic,1,2900
C0105,2025-06,2025-07,1,Organic,Basic,1,2900
C0105,2025-06,2025-08,2,Organic,Basic,1,2900
C0105,2025-06,2025-09,3,Organic,Basic,0,0
C0105,2025-06,2025-10,4,Organic,Basic,0,0
C0105,2025-06,2025-11,5,Organic,Basic,0,0
C0105,2025-06,2025-12,6,Organic,Basic,0,0
C0106,2025-06,2025-06,0,Referral,Basic,1,2900
C0106,2025-06,2025-07,1,Referral,Basic,1,2900
C0106,2025-06,2025-08,2,Referral,Basic,1,2900
C0106,2025-06,2025-09,3,Referral,Basic,1,2900
C0106,2025-06,2025-10,4,Referral,Basic,1,2900
C0106,2025-06,2025-11,5,Referral,Basic,1,2900
C0106,2025-06,2025-12,6,Referral,Basic,1,2900
C0107,2025-04,2025-04,0,Referral,Basic,1,2900
C0107,2025-04,2025-05,1,Referral,Basic,1,2900
C0107,2025-04,2025-06,2,Referral,Basic,1,2900
C0107,2025-04,2025-07,3,Referral,Basic,1,2900
C0107,2025-04,2025-08,4,Referral,Basic,1,2900
C0107,2025-04,2025-09,5,Referral,Basic,1,2900
C0107,2025-04,2025-10,6,Referral,Basic,1,2900
C0107,2025-04,2025-11,7,Referral,Basic,1,2900
C0107,2025-04,2025-12,8,Referral,Basic,1,2900
C0108,2025-05,2025-05,0,Paid,Basic,1,2900
C0108,2025-05,2025-06,1,Paid,Basic,1,2900
C0108,2025-05,2025-07,2,Paid,Basic,1,2900
C0108,2025-05,2025-08,3,Paid,Basic,1,2900
C0108,2025-05,2025-09,4,Paid,Basic,1,2900
C0108,2025-05,2025-10,5,Paid,Basic,1,2900
C0108,2025-05,2025-11,6,Paid,Basic,1,2900
C0108,2025-05,2025-12,7,Paid,Basic,1,2900
C0109,2025-01,2025-01,0,Referral,Pro,1,7900
C0109,2025-01,2025-02,1,Referral,Pro,1,7900
C0109,2025-01,2025-03,2,Referral,Pro,1,7900
C0109,2025-01,2025-04,3,Referral,Pro,1,7900
C0109,2025-01,2025-05,4,Referral,Pro,1,7900
C0109,2025-01,2025-06,5,Referral,Pro,1,7900
C0109,2025-01,2025-07,6,Referral,Pro,1,7900
C0109,2025-01,2025-08,7,Referral,Pro,1,7900
C0109,2025-01,2025-09,8,Referral,Pro,1,7900
C0109,2025-01,2025-10,9,Referral,Pro,1,7900
C0109,2025-01,2025-11,10,Referral,Pro,1,7900
C0109,2025-01,2025-12,11,Referral,Pro,1,7900
C0110,2025-03,2025-03,0,Organic,Basic,1,2900
C0110,2025-03,2025-04,1,Organic,Basic,1,2900
C0110,2025-03,2025-05,2,Organic,Basic,1,2900
C0110,2025-03,2025-06,3,Organic,Basic,1,2900
C0110,2025-03,2025-07,4,Organic,Basic,1,2900
C0110,2025-03,2025-08,5,Organic,Basic,1,2900
C0110,2025-03,2025-09,6,Organic,Basic,1,2900
C0110,2025-03,2025-10,7,Organic,Basic,1,2900
C0110,2025-03,2025-11,8,Organic,Basic,1,2900
C0110,2025-03,2025-12,9,Organic,Basic,1,2900
C0111,2025-02,2025-02,0,Referral,Basic,1,2900
C0111,2025-02,2025-03,1,Referral,Basic,1,2900
C0111,2025-02,2025-04,2,Referral,Basic,1,2900
C0111,2025-02,2025-05,3,Referral,Basic,1,2900
C0111,2025-02,2025-06,4,Referral,Basic,1,2900
C0111,2025-02,2025-07,5,Referral,Basic,1,2900
C0111,2025-02,2025-08,6,Referral,Basic,1,2900
C0111,2025-02,2025-09,7,Referral,Basic,1,2900
C0111,2025-02,2025-10,8,Referral,Basic,1,2900
C0111,2025-02,2025-11,9,Referral,Basic,1,2900
C0111,2025-02,2025-12,10,Referral,Basic,1,2900
C0112,2025-05,2025-05,0,Paid,Pro,1,7900
C0112,2025-05,2025-06,1,Paid,Pro,1,7900
C0112,2025-05,2025-07,2,Paid,Pro,1,7900
C0112,2025-05,2025-08,3,Paid,Pro,1,7900
C0112,2025-05,2025-09,4,Paid,Pro,1,7900
C0112,2025-05,2025-10,5,Paid,Pro,1,7900
C0112,2025-05,2025-11,6,Paid,Pro,0,0
C0112,2025-05,2025-12,7,Paid,Pro,0,0
C0113,2025-03,2025-03,0,Paid,Pro,1,7900
C0113,2025-03,2025-04,1,Paid,Pro,1,7900
C0113,2025-03,2025-05,2,Paid,Pro,0,0
C0113,2025-03,2025-06,3,Paid,Pro,0,0
C0113,2025-03,2025-07,4,Paid,Pro,0,0
C0113,2025-03,2025-08,5,Paid,Pro,0,0
C0113,2025-03,2025-09,6,Paid,Pro,0,0
C0113,2025-03,2025-10,7,Paid,Pro,0,0
C0113,2025-03,2025-11,8,Paid,Pro,0,0
C0113,2025-03,2025-12,9,Paid,Pro,0,0
C0114,2025-04,2025-04,0,Organic,Basic,1,2900
C0114,2025-04,2025-05,1,Organic,Basic,1,2900
C0114,2025-04,2025-06,2,Organic,Basic,1,2900
C0114,2025-04,2025-07,3,Organic,Basic,1,2900
C0114,2025-04,2025-08,4,Organic,Basic,1,2900
C0114,2025-04,2025-09,5,Organic,Basic,1,2900
C0114,2025-04,2025-10,6,Organic,Basic,1,2900
C0114,2025-04,2025-11,7,Organic,Basic,1,2900
C0114,2025-04,2025-12,8,Organic,Basic,1,2900
C0115,2025-06,2025-06,0,Organic,Pro,1,7900
C0115,2025-06,2025-07,1,Organic,Pro,1,7900
C0115,2025-06,2025-08,2,Organic,Pro,1,7900
C0115,2025-06,2025-09,3,Organic,Pro,1,7900
C0115,2025-06,2025-10,4,Organic,Pro,0,0
C0115,2025-06,2025-11,5,Organic,Pro,0,0
C0115,2025-06,2025-12,6,Organic,Pro,0,0
C0116,2025-05,2025-05,0,Referral,Pro,1,7900
C0116,2025-05,2025-06,1,Referral,Pro,1,7900
C0116,2025-05,2025-07,2,Referral,Pro,1,7900
C0116,2025-05,2025-08,3,Referral,Pro,1,7900
C0116,2025-05,2025-09,4,Referral,Pro,1,7900
C0116,2025-05,2025-10,5,Referral,Pro,1,7900
C0116,2025-05,2025-11,6,Referral,Pro,1,7900
C0116,2025-05,2025-12,7,Referral,Pro,1,7900
C0117,2025-05,2025-05,0,Organic,Pro,1,7900
C0117,2025-05,2025-06,1,Organic,Pro,1,7900
C0117,2025-05,2025-07,2,Organic,Pro,1,7900
C0117,2025-05,2025-08,3,Organic,Pro,1,7900
C0117,2025-05,2025-09,4,Organic,Pro,1,7900
C0117,2025-05,2025-10,5,Organic,Pro,1,7900
C0117,2025-05,2025-11,6,Organic,Pro,1,7900
C0117,2025-05,2025-12,7,Organic,Pro,1,7900
C0118,2025-06,2025-06,0,Paid,Basic,1,2900
C0118,2025-06,2025-07,1,Paid,Basic,1,2900
C0118,2025-06,2025-08,2,Paid,Basic,0,0
C0118,2025-06,2025-09,3,Paid,Basic,0,0
C0118,2025-06,2025-10,4,Paid,Basic,0,0
C0118,2025-06,2025-11,5,Paid,Basic,0,0
C0118,2025-06,2025-12,6,Paid,Basic,0,0
C0119,2025-02,2025-02,0,Organic,Pro,1,7900
C0119,2025-02,2025-03,1,Organic,Pro,1,7900
C0119,2025-02,2025-04,2,Organic,Pro,1,7900
C0119,2025-02,2025-05,3,Organic,Pro,1,7900
C0119,2025-02,2025-06,4,Organic,Pro,1,7900
C0119,2025-02,2025-07,5,Organic,Pro,1,7900
C0119,2025-02,2025-08,6,Organic,Pro,0,0
C0119,2025-02,2025-09,7,Organic,Pro,0,0
C0119,2025-02,2025-10,8,Organic,Pro,0,0
C0119,2025-02,2025-11,9,Organic,Pro,0,0
C0119,2025-02,2025-12,10,Organic,Pro,0,0
C0120,2025-02,2025-02,0,Paid,Basic,1,2900
C0120,2025-02,2025-03,1,Paid,Basic,1,2900
C0120,2025-02,2025-04,2,Paid,Basic,1,2900
C0120,2025-02,2025-05,3,Paid,Basic,1,2900
C0120,2025-02,2025-06,4,Paid,Basic,1,2900
C0120,2025-02,2025-07,5,Paid,Basic,1,2900
C0120,2025-02,2025-08,6,Paid,Basic,1,2900
C0120,2025-02,2025-09,7,Paid,Basic,1,2900
C0120,2025-02,2025-10,8,Paid,Basic,1,2900
C0120,2025-02,2025-11,9,Paid,Basic,1,2900
C0120,2025-02,2025-12,10,Paid,Basic,0,0
C0121,2025-03,2025-03,0,Paid,Pro,1,7900
C0121,2025-03,2025-04,1,Paid,Pro,1,7900
C0121,2025-03,2025-05,2,Paid,Pro,1,7900
C0121,2025-03,2025-06,3,Paid,Pro,1,7900
C0121,2025-03,2025-07,4,Paid,Pro,1,7900
C0121,2025-03,2025-08,5,Paid,Pro,1,7900
C0121,2025-03,2025-09,6,Paid,Pro,1,7900
C0121,2025-03,2025-10,7,Paid,Pro,1,7900
C0121,2025-03,2025-11,8,Paid,Pro,1,7900
C0121,2025-03,2025-12,9,Paid,Pro,0,0
C0122,2025-01,2025-01,0,Paid,Basic,1,2900
C0122,2025-01,2025-02,1,Paid,Basic,0,0
C0122,2025-01,2025-03,2,Paid,Basic,0,0
C0122,2025-01,2025-04,3,Paid,Basic,0,0
C0122,2025-01,2025-05,4,Paid,Basic,0,0
C0122,2025-01,2025-06,5,Paid,Basic,0,0
C0122,2025-01,2025-07,6,Paid,Basic,0,0
C0122,2025-01,2025-08,7,Paid,Basic,0,0
C0122,2025-01,2025-09,8,Paid,Basic,0,0
C0122,2025-01,2025-10,9,Paid,Basic,0,0
C0122,2025-01,2025-11,10,Paid,Basic,0,0
C0122,2025-01,2025-12,11,Paid,Basic,0,0
C0123,2025-05,2025-05,0,Organic,Pro,1,7900
C0123,2025-05,2025-06,1,Organic,Pro,1,7900
C0123,2025-05,2025-07,2,Organic,Pro,1,7900
C0123,2025-05,2025-08,3,Organic,Pro,1,7900
C0123,2025-05,2025-09,4,Organic,Pro,1,7900
C0123,2025-05,2025-10,5,Organic,Pro,1,7900
C0123,2025-05,2025-11,6,Organic,Pro,1,7900
C0123,2025-05,2025-12,7,Organic,Pro,1,7900
C0124,2025-04,2025-04,0,Paid,Pro,1,7900
C0124,2025-04,2025-05,1,Paid,Pro,1,7900
C0124,2025-04,2025-06,2,Paid,Pro,1,7900
C0124,2025-04,2025-07,3,Paid,Pro,1,7900
C0124,2025-04,2025-08,4,Paid,Pro,1,7900
C0124,2025-04,2025-09,5,Paid,Pro,1,7900
C0124,2025-04,2025-10,6,Paid,Pro,1,7900
C0124,2025-04,2025-11,7,Paid,Pro,0,0
C0124,2025-04,2025-12,8,Paid,Pro,0,0
C0125,2025-04,2025-04,0,Referral,Pro,1,7900
C0125,2025-04,2025-05,1,Referral,Pro,1,7900
C0125,2025-04,2025-06,2,Referral,Pro,1,7900
C0125,2025-04,2025-07,3,Referral,Pro,1,7900
C0125,2025-04,2025-08,4,Referral,Pro,1,7900
C0125,2025-04,2025-09,5,Referral,Pro,1,7900
C0125,2025-04,2025-10,6,Referral,Pro,1,7900
C0125,2025-04,2025-11,7,Referral,Pro,1,7900
C0125,2025-04,2025-12,8,Referral,Pro,1,7900
C0126,2025-01,2025-01,0,Organic,Basic,1,2900
C0126,2025-01,2025-02,1,Organic,Basic,1,2900
C0126,2025-01,2025-03,2,Organic,Basic,1,2900
C0126,2025-01,2025-04,3,Organic,Basic,1,2900
C0126,2025-01,2025-05,4,Organic,Basic,1,2900
C0126,2025-01,2025-06,5,Organic,Basic,1,2900
C0126,2025-01,2025-07,6,Organic,Basic,1,2900
C0126,2025-01,2025-08,7,Organic,Basic,1,2900
C0126,2025-01,2025-09,8,Organic,Basic,1,2900
C0126,2025-01,2025-10,9,Organic,Basic,1,2900
C0126,2025-01,2025-11,10,Organic,Basic,1,2900
C0126,2025-01,2025-12,11,Organic,Basic,1,2900
C0127,2025-05,2025-05,0,Paid,Basic,1,2900
C0127,2025-05,2025-06,1,Paid,Basic,1,2900
C0127,2025-05,2025-07,2,Paid,Basic,0,0
C0127,2025-05,2025-08,3,Paid,Basic,0,0
C0127,2025-05,2025-09,4,Paid,Basic,0,0
C0127,2025-05,2025-10,5,Paid,Basic,0,0
C0127,2025-05,2025-11,6,Paid,Basic,0,0
C0127,2025-05,2025-12,7,Paid,Basic,0,0
C0128,2025-05,2025-05,0,Referral,Basic,1,2900
C0128,2025-05,2025-06,1,Referral,Basic,1,2900
C0128,2025-05,2025-07,2,Referral,Basic,1,2900
C0128,2025-05,2025-08,3,Referral,Basic,1,2900
C0128,2025-05,2025-09,4,Referral,Basic,0,0
C0128,2025-05,2025-10,5,Referral,Basic,0,0
C0128,2025-05,2025-11,6,Referral,Basic,0,0
C0128,2025-05,2025-12,7,Referral,Basic,0,0
C0129,2025-02,2025-02,0,Paid,Basic,1,2900
C0129,2025-02,2025-03,1,Paid,Basic,1,2900
C0129,2025-02,2025-04,2,Paid,Basic,1,2900
C0129,2025-02,2025-05,3,Paid,Basic,1,2900
C0129,2025-02,2025-06,4,Paid,Basic,1,2900
C0129,2025-02,2025-07,5,Paid,Basic,1,2900
C0129,2025-02,2025-08,6,Paid,Basic,1,2900
C0129,2025-02,2025-09,7,Paid,Basic,1,2900
C0129,2025-02,2025-10,8,Paid,Basic,1,2900
C0129,2025-02,2025-11,9,Paid,Basic,0,0
C0129,2025-02,2025-12,10,Paid,Basic,0,0
C0130,2025-06,2025-06,0,Paid,Pro,1,7900
C0130,2025-06,2025-07,1,Paid,Pro,1,7900
C0130,2025-06,2025-08,2,Paid,Pro,1,7900
C0130,2025-06,2025-09,3,Paid,Pro,1,7900
C0130,2025-06,2025-10,4,Paid,Pro,1,7900
C0130,2025-06,2025-11,5,Paid,Pro,1,7900
C0130,2025-06,2025-12,6,Paid,Pro,1,7900
C0131,2025-02,2025-02,0,Organic,Pro,1,7900
C0131,2025-02,2025-03,1,Organic,Pro,1,7900
C0131,2025-02,2025-04,2,Organic,Pro,1,7900
C0131,2025-02,2025-05,3,Organic,Pro,1,7900
C0131,2025-02,2025-06,4,Organic,Pro,1,7900
C0131,2025-02,2025-07,5,Organic,Pro,1,7900
C0131,2025-02,2025-08,6,Organic,Pro,1,7900
C0131,2025-02,2025-09,7,Organic,Pro,0,0
C0131,2025-02,2025-10,8,Organic,Pro,0,0
C0131,2025-02,2025-11,9,Organic,Pro,0,0
C0131,2025-02,2025-12,10,Organic,Pro,0,0
C0132,2025-01,2025-01,0,Referral,Pro,1,7900
C0132,2025-01,2025-02,1,Referral,Pro,1,7900
C0132,2025-01,2025-03,2,Referral,Pro,1,7900
C0132,2025-01,2025-04,3,Referral,Pro,1,7900
C0132,2025-01,2025-05,4,Referral,Pro,1,7900
C0132,2025-01,2025-06,5,Referral,Pro,1,7900
C0132,2025-01,2025-07,6,Referral,Pro,1,7900
C0132,2025-01,2025-08,7,Referral,Pro,1,7900
C0132,2025-01,2025-09,8,Referral,Pro,1,7900
C0132,2025-01,2025-10,9,Referral,Pro,1,7900
C0132,2025-01,2025-11,10,Referral,Pro,1,7900
C0132,2025-01,2025-12,11,Referral,Pro,1,7900
C0133,2025-05,2025-05,0,Referral,Pro,1,7900
C0133,2025-05,2025-06,1,Referral,Pro,1,7900
C0133,2025-05,2025-07,2,Referral,Pro,1,7900
C0133,2025-05,2025-08,3,Referral,Pro,1,7900
C0133,2025-05,2025-09,4,Referral,Pro,1,7900
C0133,2025-05,2025-10,5,Referral,Pro,1,7900
C0133,2025-05,2025-11,6,Referral,Pro,1,7900
C0133,2025-05,2025-12,7,Referral,Pro,1,7900
C0134,2025-02,2025-02,0,Paid,Pro,1,7900
C0134,2025-02,2025-03,1,Paid,Pro,1,7900
C0134,2025-02,2025-04,2,Paid,Pro,1,7900
C0134,2025-02,2025-05,3,Paid,Pro,1,7900
C0134,2025-02,2025-06,4,Paid,Pro,1,7900
C0134,2025-02,2025-07,5,Paid,Pro,1,7900
C0134,2025-02,2025-08,6,Paid,Pro,1,7900
C0134,2025-02,2025-09,7,Paid,Pro,0,0
C0134,2025-02,2025-10,8,Paid,Pro,0,0
C0134,2025-02,2025-11,9,Paid,Pro,0,0
C0134,2025-02,2025-12,10,Paid,Pro,0,0
C0135,2025-06,2025-06,0,Paid,Basic,1,2900
C0135,2025-06,2025-07,1,Paid,Basic,1,2900
C0135,2025-06,2025-08,2,Paid,Basic,1,2900
C0135,2025-06,2025-09,3,Paid,Basic,1,2900
C0135,2025-06,2025-10,4,Paid,Basic,1,2900
C0135,2025-06,2025-11,5,Paid,Basic,1,2900
C0135,2025-06,2025-12,6,Paid,Basic,1,2900
C0136,2025-04,2025-04,0,Paid,Pro,1,7900
C0136,2025-04,2025-05,1,Paid,Pro,0,0
C0136,2025-04,2025-06,2,Paid,Pro,0,0
C0136,2025-04,2025-07,3,Paid,Pro,0,0
C0136,2025-04,2025-08,4,Paid,Pro,0,0
C0136,2025-04,2025-09,5,Paid,Pro,0,0
C0136,2025-04,2025-10,6,Paid,Pro,0,0
C0136,2025-04,2025-11,7,Paid,Pro,0,0
C0136,2025-04,2025-12,8,Paid,Pro,0,0
C0137,2025-06,2025-06,0,Referral,Basic,1,2900
C0137,2025-06,2025-07,1,Referral,Basic,1,2900
C0137,2025-06,2025-08,2,Referral,Basic,1,2900
C0137,2025-06,2025-09,3,Referral,Basic,1,2900
C0137,2025-06,2025-10,4,Referral,Basic,1,2900
C0137,2025-06,2025-11,5,Referral,Basic,1,2900
C0137,2025-06,2025-12,6,Referral,Basic,1,2900
C0138,2025-02,2025-02,0,Paid,Pro,1,7900
C0138,2025-02,2025-03,1,Paid,Pro,1,7900
C0138,2025-02,2025-04,2,Paid,Pro,1,7900
C0138,2025-02,2025-05,3,Paid,Pro,0,0
C0138,2025-02,2025-06,4,Paid,Pro,0,0
C0138,2025-02,2025-07,5,Paid,Pro,0,0
C0138,2025-02,2025-08,6,Paid,Pro,0,0
C0138,2025-02,2025-09,7,Paid,Pro,0,0
C0138,2025-02,2025-10,8,Paid,Pro,0,0
C0138,2025-02,2025-11,9,Paid,Pro,0,0
C0138,2025-02,2025-12,10,Paid,Pro,0,0
C0139,2025-02,2025-02,0,Organic,Basic,1,2900
C0139,2025-02,2025-03,1,Organic,Basic,0,0
C0139,2025-02,2025-04,2,Organic,Basic,0,0
C0139,2025-02,2025-05,3,Organic,Basic,0,0
C0139,2025-02,2025-06,4,Organic,Basic,0,0
C0139,2025-02,2025-07,5,Organic,Basic,0,0
C0139,2025-02,2025-08,6,Organic,Basic,0,0
C0139,2025-02,2025-09,7,Organic,Basic,0,0
C0139,2025-02,2025-10,8,Organic,Basic,0,0
C0139,2025-02,2025-11,9,Organic,Basic,0,0
C0139,2025-02,2025-12,10,Organic,Basic,0,0
C0140,2025-03,2025-03,0,Organic,Pro,1,7900
C0140,2025-03,2025-04,1,Organic,Pro,1,7900
C0140,2025-03,2025-05,2,Organic,Pro,1,7900
C0140,2025-03,2025-06,3,Organic,Pro,1,7900
C0140,2025-03,2025-07,4,Organic,Pro,1,7900
C0140,2025-03,2025-08,5,Organic,Pro,1,7900
C0140,2025-03,2025-09,6,Organic,Pro,1,7900
C0140,2025-03,2025-10,7,Organic,Pro,1,7900
C0140,2025-03,2025-11,8,Organic,Pro,1,7900
C0140,2025-03,2025-12,9,Organic,Pro,1,7900
C0141,2025-01,2025-01,0,Referral,Pro,1,7900
C0141,2025-01,2025-02,1,Referral,Pro,1,7900
C0141,2025-01,2025-03,2,Referral,Pro,1,7900
C0141,2025-01,2025-04,3,Referral,Pro,1,7900
C0141,2025-01,2025-05,4,Referral,Pro,1,7900
C0141,2025-01,2025-06,5,Referral,Pro,1,7900
C0141,2025-01,2025-07,6,Referral,Pro,1,7900
C0141,2025-01,2025-08,7,Referral,Pro,1,7900
C0141,2025-01,2025-09,8,Referral,Pro,1,7900
C0141,2025-01,2025-10,9,Referral,Pro,1,7900
C0141,2025-01,2025-11,10,Referral,Pro,1,7900
C0141,2025-01,2025-12,11,Referral,Pro,1,7900
C0142,2025-06,2025-06,0,Referral,Basic,1,2900
C0142,2025-06,2025-07,1,Referral,Basic,1,2900
C0142,2025-06,2025-08,2,Referral,Basic,1,2900
C0142,2025-06,2025-09,3,Referral,Basic,1,2900
C0142,2025-06,2025-10,4,Referral,Basic,1,2900
C0142,2025-06,2025-11,5,Referral,Basic,0,0
C0142,2025-06,2025-12,6,Referral,Basic,0,0
C0143,2025-02,2025-02,0,Paid,Basic,1,2900
C0143,2025-02,2025-03,1,Paid,Basic,1,2900
C0143,2025-02,2025-04,2,Paid,Basic,0,0
C0143,2025-02,2025-05,3,Paid,Basic,0,0
C0143,2025-02,2025-06,4,Paid,Basic,0,0
C0143,2025-02,2025-07,5,Paid,Basic,0,0
C0143,2025-02,2025-08,6,Paid,Basic,0,0
C0143,2025-02,2025-09,7,Paid,Basic,0,0
C0143,2025-02,2025-10,8,Paid,Basic,0,0
C0143,2025-02,2025-11,9,Paid,Basic,0,0
C0143,2025-02,2025-12,10,Paid,Basic,0,0
C0144,2025-02,2025-02,0,Referral,Pro,1,7900
C0144,2025-02,2025-03,1,Referral,Pro,1,7900
C0144,2025-02,2025-04,2,Referral,Pro,1,7900
C0144,2025-02,2025-05,3,Referral,Pro,1,7900
C0144,2025-02,2025-06,4,Referral,Pro,1,7900
C0144,2025-02,2025-07,5,Referral,Pro,1,7900
C0144,2025-02,2025-08,6,Referral,Pro,1,7900
C0144,2025-02,2025-09,7,Referral,Pro,1,7900
C0144,2025-02,2025-10,8,Referral,Pro,1,7900
C0144,2025-02,2025-11,9,Referral,Pro,1,7900
C0144,2025-02,2025-12,10,Referral,Pro,1,7900
C0145,2025-01,2025-01,0,Referral,Basic,1,2900
C0145,2025-01,2025-02,1,Referral,Basic,1,2900
C0145,2025-01,2025-03,2,Referral,Basic,1,2900
C0145,2025-01,2025-04,3,Referral,Basic,1,2900
C0145,2025-01,2025-05,4,Referral,Basic,1,2900
C0145,2025-01,2025-06,5,Referral,Basic,1,2900
C0145,2025-01,2025-07,6,Referral,Basic,1,2900
C0145,2025-01,2025-08,7,Referral,Basic,1,2900
C0145,2025-01,2025-09,8,Referral,Basic,1,2900
C0145,2025-01,2025-10,9,Referral,Basic,1,2900
C0145,2025-01,2025-11,10,Referral,Basic,1,2900
C0145,2025-01,2025-12,11,Referral,Basic,1,2900
C0146,2025-01,2025-01,0,Organic,Basic,1,2900
C0146,2025-01,2025-02,1,Organic,Basic,1,2900
C0146,2025-01,2025-03,2,Organic,Basic,1,2900
C0146,2025-01,2025-04,3,Organic,Basic,1,2900
C0146,2025-01,2025-05,4,Organic,Basic,1,2900
C0146,2025-01,2025-06,5,Organic,Basic,1,2900
C0146,2025-01,2025-07,6,Organic,Basic,1,2900
C0146,2025-01,2025-08,7,Organic,Basic,1,2900
C0146,2025-01,2025-09,8,Organic,Basic,1,2900
C0146,2025-01,2025-10,9,Organic,Basic,1,2900
C0146,2025-01,2025-11,10,Organic,Basic,1,2900
C0146,2025-01,2025-12,11,Organic,Basic,1,2900
C0147,2025-01,2025-01,0,Organic,Basic,1,2900
C0147,2025-01,2025-02,1,Organic,Basic,1,2900
C0147,2025-01,2025-03,2,Organic,Basic,1,2900
C0147,2025-01,2025-04,3,Organic,Basic,1,2900
C0147,2025-01,2025-05,4,Organic,Basic,1,2900
C0147,2025-01,2025-06,5,Organic,Basic,1,2900
C0147,2025-01,2025-07,6,Organic,Basic,1,2900
C0147,2025-01,2025-08,7,Organic,Basic,1,2900
C0147,2025-01,2025-09,8,Organic,Basic,1,2900
C0147,2025-01,2025-10,9,Organic,Basic,1,2900
C0147,2025-01,2025-11,10,Organic,Basic,1,2900
C0147,2025-01,2025-12,11,Organic,Basic,1,2900
C0148,2025-03,2025-03,0,Referral,Basic,1,2900
C0148,2025-03,2025-04,1,Referral,Basic,0,0
C0148,2025-03,2025-05,2,Referral,Basic,0,0
C0148,2025-03,2025-06,3,Referral,Basic,0,0
C0148,2025-03,2025-07,4,Referral,Basic,0,0
C0148,2025-03,2025-08,5,Referral,Basic,0,0
C0148,2025-03,2025-09,6,Referral,Basic,0,0
C0148,2025-03,2025-10,7,Referral,Basic,0,0
C0148,2025-03,2025-11,8,Referral,Basic,0,0
C0148,2025-03,2025-12,9,Referral,Basic,0,0
C0149,2025-01,2025-01,0,Paid,Basic,1,2900
C0149,2025-01,2025-02,1,Paid,Basic,0,0
C0149,2025-01,2025-03,2,Paid,Basic,0,0
C0149,2025-01,2025-04,3,Paid,Basic,0,0
C0149,2025-01,2025-05,4,Paid,Basic,0,0
C0149,2025-01,2025-06,5,Paid,Basic,0,0
C0149,2025-01,2025-07,6,Paid,Basic,0,0
C0149,2025-01,2025-08,7,Paid,Basic,0,0
C0149,2025-01,2025-09,8,Paid,Basic,0,0
C0149,2025-01,2025-10,9,Paid,Basic,0,0
C0149,2025-01,2025-11,10,Paid,Basic,0,0
C0149,2025-01,2025-12,11,Paid,Basic,0,0
C0150,2025-03,2025-03,0,Paid,Basic,1,2900
C0150,2025-03,2025-04,1,Paid,Basic,1,2900
C0150,2025-03,2025-05,2,Paid,Basic,1,2900
C0150,2025-03,2025-06,3,Paid,Basic,1,2900
C0150,2025-03,2025-07,4,Paid,Basic,1,2900
C0150,2025-03,2025-08,5,Paid,Basic,1,2900
C0150,2025-03,2025-09,6,Paid,Basic,1,2900
C0150,2025-03,2025-10,7,Paid,Basic,1,2900
C0150,2025-03,2025-11,8,Paid,Basic,1,2900
C0150,2025-03,2025-12,9,Paid,Basic,1,2900
C0151,2025-02,2025-02,0,Organic,Basic,1,2900
C0151,2025-02,2025-03,1,Organic,Basic,1,2900
C0151,2025-02,2025-04,2,Organic,Basic,1,2900
C0151,2025-02,2025-05,3,Organic,Basic,1,2900
C0151,2025-02,2025-06,4,Organic,Basic,1,2900
C0151,2025-02,2025-07,5,Organic,Basic,1,2900
C0151,2025-02,2025-08,6,Organic,Basic,1,2900
C0151,2025-02,2025-09,7,Organic,Basic,0,0
C0151,2025-02,2025-10,8,Organic,Basic,0,0
C0151,2025-02,2025-11,9,Organic,Basic,0,0
C0151,2025-02,2025-12,10,Organic,Basic,0,0
C0152,2025-05,2025-05,0,Referral,Pro,1,7900
C0152,2025-05,2025-06,1,Referral,Pro,1,7900
C0152,2025-05,2025-07,2,Referral,Pro,1,7900
C0152,2025-05,2025-08,3,Referral,Pro,1,7900
C0152,2025-05,2025-09,4,Referral,Pro,1,7900
C0152,2025-05,2025-10,5,Referral,Pro,1,7900
C0152,2025-05,2025-11,6,Referral,Pro,1,7900
C0152,2025-05,2025-12,7,Referral,Pro,1,7900
C0153,2025-04,2025-04,0,Referral,Pro,1,7900
C0153,2025-04,2025-05,1,Referral,Pro,1,7900
C0153,2025-04,2025-06,2,Referral,Pro,1,7900
C0153,2025-04,2025-07,3,Referral,Pro,1,7900
C0153,2025-04,2025-08,4,Referral,Pro,1,7900
C0153,2025-04,2025-09,5,Referral,Pro,1,7900
C0153,2025-04,2025-10,6,Referral,Pro,1,7900
C0153,2025-04,2025-11,7,Referral,Pro,1,7900
C0153,2025-04,2025-12,8,Referral,Pro,1,7900
C0154,2025-01,2025-01,0,Referral,Pro,1,7900
C0154,2025-01,2025-02,1,Referral,Pro,1,7900
C0154,2025-01,2025-03,2,Referral,Pro,1,7900
C0154,2025-01,2025-04,3,Referral,Pro,1,7900
C0154,2025-01,2025-05,4,Referral,Pro,1,7900
C0154,2025-01,2025-06,5,Referral,Pro,1,7900
C0154,2025-01,2025-07,6,Referral,Pro,1,7900
C0154,2025-01,2025-08,7,Referral,Pro,1,7900
C0154,2025-01,2025-09,8,Referral,Pro,1,7900
C0154,2025-01,2025-10,9,Referral,Pro,1,7900
C0154,2025-01,2025-11,10,Referral,Pro,1,7900
C0154,2025-01,2025-12,11,Referral,Pro,1,7900
C0155,2025-03,2025-03,0,Organic,Pro,1,7900
C0155,2025-03,2025-04,1,Organic,Pro,1,7900
C0155,2025-03,2025-05,2,Organic,Pro,1,7900
C0155,2025-03,2025-06,3,Organic,Pro,1,7900
C0155,2025-03,2025-07,4,Organic,Pro,1,7900
C0155,2025-03,2025-08,5,Organic,Pro,1,7900
C0155,2025-03,2025-09,6,Organic,Pro,1,7900
C0155,2025-03,2025-10,7,Organic,Pro,1,7900
C0155,2025-03,2025-11,8,Organic,Pro,0,0
C0155,2025-03,2025-12,9,Organic,Pro,0,0
C0156,2025-02,2025-02,0,Paid,Pro,1,7900
C0156,2025-02,2025-03,1,Paid,Pro,1,7900
C0156,2025-02,2025-04,2,Paid,Pro,1,7900
C0156,2025-02,2025-05,3,Paid,Pro,1,7900
C0156,2025-02,2025-06,4,Paid,Pro,1,7900
C0156,2025-02,2025-07,5,Paid,Pro,1,7900
C0156,2025-02,2025-08,6,Paid,Pro,1,7900
C0156,2025-02,2025-09,7,Paid,Pro,1,7900
C0156,2025-02,2025-10,8,Paid,Pro,1,7900
C0156,2025-02,2025-11,9,Paid,Pro,1,7900
C0156,2025-02,2025-12,10,Paid,Pro,1,7900
C0157,2025-03,2025-03,0,Referral,Pro,1,7900
C0157,2025-03,2025-04,1,Referral,Pro,1,7900
C0157,2025-03,2025-05,2,Referral,Pro,1,7900
C0157,2025-03,2025-06,3,Referral,Pro,1,7900
C0157,2025-03,2025-07,4,Referral,Pro,1,7900
C0157,2025-03,2025-08,5,Referral,Pro,1,7900
C0157,2025-03,2025-09,6,Referral,Pro,1,7900
C0157,2025-03,2025-10,7,Referral,Pro,1,7900
C0157,2025-03,2025-11,8,Referral,Pro,1,7900
C0157,2025-03,2025-12,9,Referral,Pro,1,7900
C0158,2025-04,2025-04,0,Referral,Pro,1,7900
C0158,2025-04,2025-05,1,Referral,Pro,0,0
C0158,2025-04,2025-06,2,Referral,Pro,0,0
C0158,2025-04,2025-07,3,Referral,Pro,0,0
C0158,2025-04,2025-08,4,Referral,Pro,0,0
C0158,2025-04,2025-09,5,Referral,Pro,0,0
C0158,2025-04,2025-10,6,Referral,Pro,0,0
C0158,2025-04,2025-11,7,Referral,Pro,0,0
C0158,2025-04,2025-12,8,Referral,Pro,0,0
C0159,2025-06,2025-06,0,Paid,Basic,1,2900
C0159,2025-06,2025-07,1,Paid,Basic,0,0
C0159,2025-06,2025-08,2,Paid,Basic,0,0
C0159,2025-06,2025-09,3,Paid,Basic,0,0
C0159,2025-06,2025-10,4,Paid,Basic,0,0
C0159,2025-06,2025-11,5,Paid,Basic,0,0
C0159,2025-06,2025-12,6,Paid,Basic,0,0
C0160,2025-02,2025-02,0,Organic,Pro,1,7900
C0160,2025-02,2025-03,1,Organic,Pro,1,7900
C0160,2025-02,2025-04,2,Organic,Pro,1,7900
C0160,2025-02,2025-05,3,Organic,Pro,1,7900
C0160,2025-02,2025-06,4,Organic,Pro,1,7900
C0160,2025-02,2025-07,5,Organic,Pro,1,7900
C0160,2025-02,2025-08,6,Organic,Pro,1,7900
C0160,2025-02,2025-09,7,Organic,Pro,1,7900
C0160,2025-02,2025-10,8,Organic,Pro,1,7900
C0160,2025-02,2025-11,9,Organic,Pro,1,7900
C0160,2025-02,2025-12,10,Organic,Pro,1,7900
C0161,2025-03,2025-03,0,Referral,Pro,1,7900
C0161,2025-03,2025-04,1,Referral,Pro,1,7900
C0161,2025-03,2025-05,2,Referral,Pro,1,7900
C0161,2025-03,2025-06,3,Referral,Pro,1,7900
C0161,2025-03,2025-07,4,Referral,Pro,0,0
C0161,2025-03,2025-08,5,Referral,Pro,0,0
C0161,2025-03,2025-09,6,Referral,Pro,0,0
C0161,2025-03,2025-10,7,Referral,Pro,0,0
C0161,2025-03,2025-11,8,Referral,Pro,0,0
C0161,2025-03,2025-12,9,Referral,Pro,0,0
C0162,2025-03,2025-03,0,Organic,Pro,1,7900
C0162,2025-03,2025-04,1,Organic,Pro,1,7900
C0162,2025-03,2025-05,2,Organic,Pro,1,7900
C0162,2025-03,2025-06,3,Organic,Pro,1,7900
C0162,2025-03,2025-07,4,Organic,Pro,1,7900
C0162,2025-03,2025-08,5,Organic,Pro,1,7900
C0162,2025-03,2025-09,6,Organic,Pro,1,7900
C0162,2025-03,2025-10,7,Organic,Pro,1,7900
C0162,2025-03,2025-11,8,Organic,Pro,1,7900
C0162,2025-03,2025-12,9,Organic,Pro,1,7900
C0163,2025-06,2025-06,0,Paid,Pro,1,7900
C0163,2025-06,2025-07,1,Paid,Pro,1,7900
C0163,2025-06,2025-08,2,Paid,Pro,1,7900
C0163,2025-06,2025-09,3,Paid,Pro,1,7900
C0163,2025-06,2025-10,4,Paid,Pro,1,7900
C0163,2025-06,2025-11,5,Paid,Pro,1,7900
C0163,2025-06,2025-12,6,Paid,Pro,1,7900
C0164,2025-03,2025-03,0,Referral,Pro,1,7900
C0164,2025-03,2025-04,1,Referral,Pro,1,7900
C0164,2025-03,2025-05,2,Referral,Pro,1,7900
C0164,2025-03,2025-06,3,Referral,Pro,1,7900
C0164,2025-03,2025-07,4,Referral,Pro,1,7900
C0164,2025-03,2025-08,5,Referral,Pro,1,7900
C0164,2025-03,2025-09,6,Referral,Pro,1,7900
C0164,2025-03,2025-10,7,Referral,Pro,1,7900
C0164,2025-03,2025-11,8,Referral,Pro,1,7900
C0164,2025-03,2025-12,9,Referral,Pro,1,7900
C0165,2025-01,2025-01,0,Paid,Basic,1,2900
C0165,2025-01,2025-02,1,Paid,Basic,0,0
C0165,2025-01,2025-03,2,Paid,Basic,0,0
C0165,2025-01,2025-04,3,Paid,Basic,0,0
C0165,2025-01,2025-05,4,Paid,Basic,0,0
C0165,2025-01,2025-06,5,Paid,Basic,0,0
C0165,2025-01,2025-07,6,Paid,Basic,0,0
C0165,2025-01,2025-08,7,Paid,Basic,0,0
C0165,2025-01,2025-09,8,Paid,Basic,0,0
C0165,2025-01,2025-10,9,Paid,Basic,0,0
C0165,2025-01,2025-11,10,Paid,Basic,0,0
C0165,2025-01,2025-12,11,Paid,Basic,0,0
C0166,2025-03,2025-03,0,Referral,Basic,1,2900
C0166,2025-03,2025-04,1,Referral,Basic,0,0
C0166,2025-03,2025-05,2,Referral,Basic,0,0
C0166,2025-03,2025-06,3,Referral,Basic,0,0
C0166,2025-03,2025-07,4,Referral,Basic,0,0
C0166,2025-03,2025-08,5,Referral,Basic,0,0
C0166,2025-03,2025-09,6,Referral,Basic,0,0
C0166,2025-03,2025-10,7,Referral,Basic,0,0
C0166,2025-03,2025-11,8,Referral,Basic,0,0
C0166,2025-03,2025-12,9,Referral,Basic,0,0
C0167,2025-05,2025-05,0,Referral,Basic,1,2900
C0167,2025-05,2025-06,1,Referral,Basic,1,2900
C0167,2025-05,2025-07,2,Referral,Basic,1,2900
C0167,2025-05,2025-08,3,Referral,Basic,1,2900
C0167,2025-05,2025-09,4,Referral,Basic,1,2900
C0167,2025-05,2025-10,5,Referral,Basic,1,2900
C0167,2025-05,2025-11,6,Referral,Basic,1,2900
C0167,2025-05,2025-12,7,Referral,Basic,1,2900
C0168,2025-02,2025-02,0,Paid,Pro,1,7900
C0168,2025-02,2025-03,1,Paid,Pro,1,7900
C0168,2025-02,2025-04,2,Paid,Pro,1,7900
C0168,2025-02,2025-05,3,Paid,Pro,1,7900
C0168,2025-02,2025-06,4,Paid,Pro,0,0
C0168,2025-02,2025-07,5,Paid,Pro,0,0
C0168,2025-02,2025-08,6,Paid,Pro,0,0
C0168,2025-02,2025-09,7,Paid,Pro,0,0
C0168,2025-02,2025-10,8,Paid,Pro,0,0
C0168,2025-02,2025-11,9,Paid,Pro,0,0
C0168,2025-02,2025-12,10,Paid,Pro,0,0
C0169,2025-01,2025-01,0,Paid,Pro,1,7900
C0169,2025-01,2025-02,1,Paid,Pro,0,0
C0169,2025-01,2025-03,2,Paid,Pro,0,0
C0169,2025-01,2025-04,3,Paid,Pro,0,0
C0169,2025-01,2025-05,4,Paid,Pro,0,0
C0169,2025-01,2025-06,5,Paid,Pro,0,0
C0169,2025-01,2025-07,6,Paid,Pro,0,0
C0169,2025-01,2025-08,7,Paid,Pro,0,0
C0169,2025-01,2025-09,8,Paid,Pro,0,0
C0169,2025-01,2025-10,9,Paid,Pro,0,0
C0169,2025-01,2025-11,10,Paid,Pro,0,0
C0169,2025-01,2025-12,11,Paid,Pro,0,0
C0170,2025-05,2025-05,0,Referral,Basic,1,2900
C0170,2025-05,2025-06,1,Referral,Basic,1,2900
C0170,2025-05,2025-07,2,Referral,Basic,1,2900
C0170,2025-05,2025-08,3,Referral,Basic,1,2900
C0170,2025-05,2025-09,4,Referral,Basic,1,2900
C0170,2025-05,2025-10,5,Referral,Basic,1,2900
C0170,2025-05,2025-11,6,Referral,Basic,1,2900
C0170,2025-05,2025-12,7,Referral,Basic,1,2900
C0171,2025-02,2025-02,0,Referral,Basic,1,2900
C0171,2025-02,2025-03,1,Referral,Basic,1,2900
C0171,2025-02,2025-04,2,Referral,Basic,1,2900
C0171,2025-02,2025-05,3,Referral,Basic,1,2900
C0171,2025-02,2025-06,4,Referral,Basic,1,2900
C0171,2025-02,2025-07,5,Referral,Basic,1,2900
C0171,2025-02,2025-08,6,Referral,Basic,1,2900
C0171,2025-02,2025-09,7,Referral,Basic,1,2900
C0171,2025-02,2025-10,8,Referral,Basic,1,2900
C0171,2025-02,2025-11,9,Referral,Basic,1,2900
C0171,2025-02,2025-12,10,Referral,Basic,1,2900
C0172,2025-06,2025-06,0,Paid,Basic,1,2900
C0172,2025-06,2025-07,1,Paid,Basic,1,2900
C0172,2025-06,2025-08,2,Paid,Basic,1,2900
C0172,2025-06,2025-09,3,Paid,Basic,1,2900
C0172,2025-06,2025-10,4,Paid,Basic,1,2900
C0172,2025-06,2025-11,5,Paid,Basic,1,2900
C0172,2025-06,2025-12,6,Paid,Basic,1,2900
C0173,2025-03,2025-03,0,Organic,Basic,1,2900
C0173,2025-03,2025-04,1,Organic,Basic,1,2900
C0173,2025-03,2025-05,2,Organic,Basic,0,0
C0173,2025-03,2025-06,3,Organic,Basic,0,0
C0173,2025-03,2025-07,4,Organic,Basic,0,0
C0173,2025-03,2025-08,5,Organic,Basic,0,0
C0173,2025-03,2025-09,6,Organic,Basic,0,0
C0173,2025-03,2025-10,7,Organic,Basic,0,0
C0173,2025-03,2025-11,8,Organic,Basic,0,0
C0173,2025-03,2025-12,9,Organic,Basic,0,0
C0174,2025-01,2025-01,0,Paid,Pro,1,7900
C0174,2025-01,2025-02,1,Paid,Pro,1,7900
C0174,2025-01,2025-03,2,Paid,Pro,1,7900
C0174,2025-01,2025-04,3,Paid,Pro,0,0
C0174,2025-01,2025-05,4,Paid,Pro,0,0
C0174,2025-01,2025-06,5,Paid,Pro,0,0
C0174,2025-01,2025-07,6,Paid,Pro,0,0
C0174,2025-01,2025-08,7,Paid,Pro,0,0
C0174,2025-01,2025-09,8,Paid,Pro,0,0
C0174,2025-01,2025-10,9,Paid,Pro,0,0
C0174,2025-01,2025-11,10,Paid,Pro,0,0
C0174,2025-01,2025-12,11,Paid,Pro,0,0
C0175,2025-06,2025-06,0,Organic,Pro,1,7900
C0175,2025-06,2025-07,1,Organic,Pro,1,7900
C0175,2025-06,2025-08,2,Organic,Pro,1,7900
C0175,2025-06,2025-09,3,Organic,Pro,1,7900
C0175,2025-06,2025-10,4,Organic,Pro,1,7900
C0175,2025-06,2025-11,5,Organic,Pro,1,7900
C0175,2025-06,2025-12,6,Organic,Pro,1,7900
C0176,2025-01,2025-01,0,Referral,Pro,1,7900
C0176,2025-01,2025-02,1,Referral,Pro,1,7900
C0176,2025-01,2025-03,2,Referral,Pro,1,7900
C0176,2025-01,2025-04,3,Referral,Pro,1,7900
C0176,2025-01,2025-05,4,Referral,Pro,0,0
C0176,2025-01,2025-06,5,Referral,Pro,0,0
C0176,2025-01,2025-07,6,Referral,Pro,0,0
C0176,2025-01,2025-08,7,Referral,Pro,0,0
C0176,2025-01,2025-09,8,Referral,Pro,0,0
C0176,2025-01,2025-10,9,Referral,Pro,0,0
C0176,2025-01,2025-11,10,Referral,Pro,0,0
C0176,2025-01,2025-12,11,Referral,Pro,0,0
C0177,2025-03,2025-03,0,Paid,Basic,1,2900
C0177,2025-03,2025-04,1,Paid,Basic,1,2900
C0177,2025-03,2025-05,2,Paid,Basic,0,0
C0177,2025-03,2025-06,3,Paid,Basic,0,0
C0177,2025-03,2025-07,4,Paid,Basic,0,0
C0177,2025-03,2025-08,5,Paid,Basic,0,0
C0177,2025-03,2025-09,6,Paid,Basic,0,0
C0177,2025-03,2025-10,7,Paid,Basic,0,0
C0177,2025-03,2025-11,8,Paid,Basic,0,0
C0177,2025-03,2025-12,9,Paid,Basic,0,0
C0178,2025-01,2025-01,0,Organic,Basic,1,2900
C0178,2025-01,2025-02,1,Organic,Basic,1,2900
C0178,2025-01,2025-03,2,Organic,Basic,1,2900
C0178,2025-01,2025-04,3,Organic,Basic,1,2900
C0178,2025-01,2025-05,4,Organic,Basic,1,2900
C0178,2025-01,2025-06,5,Organic,Basic,1,2900
C0178,2025-01,2025-07,6,Organic,Basic,1,2900
C0178,2025-01,2025-08,7,Organic,Basic,1,2900
C0178,2025-01,2025-09,8,Organic,Basic,1,2900
C0178,2025-01,2025-10,9,Organic,Basic,1,2900
C0178,2025-01,2025-11,10,Organic,Basic,1,2900
C0178,2025-01,2025-12,11,Organic,Basic,1,2900
C0179,2025-05,2025-05,0,Referral,Pro,1,7900
C0179,2025-05,2025-06,1,Referral,Pro,1,7900
C0179,2025-05,2025-07,2,Referral,Pro,1,7900
C0179,2025-05,2025-08,3,Referral,Pro,1,7900
C0179,2025-05,2025-09,4,Referral,Pro,1,7900
C0179,2025-05,2025-10,5,Referral,Pro,1,7900
C0179,2025-05,2025-11,6,Referral,Pro,1,7900
C0179,2025-05,2025-12,7,Referral,Pro,1,7900
C0180,2025-06,2025-06,0,Paid,Basic,1,2900
C0180,2025-06,2025-07,1,Paid,Basic,1,2900
C0180,2025-06,2025-08,2,Paid,Basic,1,2900
C0180,2025-06,2025-09,3,Paid,Basic,1,2900
C0180,2025-06,2025-10,4,Paid,Basic,1,2900
C0180,2025-06,2025-11,5,Paid,Basic,1,2900
C0180,2025-06,2025-12,6,Paid,Basic,1,2900
C0181,2025-02,2025-02,0,Organic,Pro,1,7900
C0181,2025-02,2025-03,1,Organic,Pro,1,7900
C0181,2025-02,2025-04,2,Organic,Pro,1,7900
C0181,2025-02,2025-05,3,Organic,Pro,1,7900
C0181,2025-02,2025-06,4,Organic,Pro,1,7900
C0181,2025-02,2025-07,5,Organic,Pro,1,7900
C0181,2025-02,2025-08,6,Organic,Pro,1,7900
C0181,2025-02,2025-09,7,Organic,Pro,1,7900
C0181,2025-02,2025-10,8,Organic,Pro,1,7900
C0181,2025-02,2025-11,9,Organic,Pro,1,7900
C0181,2025-02,2025-12,10,Organic,Pro,1,7900
C0182,2025-01,2025-01,0,Organic,Pro,1,7900
C0182,2025-01,2025-02,1,Organic,Pro,1,7900
C0182,2025-01,2025-03,2,Organic,Pro,1,7900
C0182,2025-01,2025-04,3,Organic,Pro,1,7900
C0182,2025-01,2025-05,4,Organic,Pro,1,7900
C0182,2025-01,2025-06,5,Organic,Pro,1,7900
C0182,2025-01,2025-07,6,Organic,Pro,1,7900
C0182,2025-01,2025-08,7,Organic,Pro,1,7900
C0182,2025-01,2025-09,8,Organic,Pro,1,7900
C0182,2025-01,2025-10,9,Organic,Pro,1,7900
C0182,2025-01,2025-11,10,Organic,Pro,1,7900
C0182,2025-01,2025-12,11,Organic,Pro,1,7900
C0183,2025-03,2025-03,0,Organic,Basic,1,2900
C0183,2025-03,2025-04,1,Organic,Basic,1,2900
C0183,2025-03,2025-05,2,Organic,Basic,1,2900
C0183,2025-03,2025-06,3,Organic,Basic,1,2900
C0183,2025-03,2025-07,4,Organic,Basic,1,2900
C0183,2025-03,2025-08,5,Organic,Basic,1,2900
C0183,2025-03,2025-09,6,Organic,Basic,1,2900
C0183,2025-03,2025-10,7,Organic,Basic,1,2900
C0183,2025-03,2025-11,8,Organic,Basic,1,2900
C0183,2025-03,2025-12,9,Organic,Basic,1,2900
C0184,2025-06,2025-06,0,Referral,Pro,1,7900
C0184,2025-06,2025-07,1,Referral,Pro,1,7900
C0184,2025-06,2025-08,2,Referral,Pro,1,7900
C0184,2025-06,2025-09,3,Referral,Pro,1,7900
C0184,2025-06,2025-10,4,Referral,Pro,1,7900
C0184,2025-06,2025-11,5,Referral,Pro,1,7900
C0184,2025-06,2025-12,6,Referral,Pro,1,7900
C0185,2025-04,2025-04,0,Organic,Basic,1,2900
C0185,2025-04,2025-05,1,Organic,Basic,1,2900
C0185,2025-04,2025-06,2,Organic,Basic,1,2900
C0185,2025-04,2025-07,3,Organic,Basic,1,2900
C0185,2025-04,2025-08,4,Organic,Basic,1,2900
C0185,2025-04,2025-09,5,Organic,Basic,1,2900
C0185,2025-04,2025-10,6,Organic,Basic,1,2900
C0185,2025-04,2025-11,7,Organic,Basic,1,2900
C0185,2025-04,2025-12,8,Organic,Basic,1,2900
C0186,2025-06,2025-06,0,Referral,Basic,1,2900
C0186,2025-06,2025-07,1,Referral,Basic,1,2900
C0186,2025-06,2025-08,2,Referral,Basic,1,2900
C0186,2025-06,2025-09,3,Referral,Basic,1,2900
C0186,2025-06,2025-10,4,Referral,Basic,1,2900
C0186,2025-06,2025-11,5,Referral,Basic,1,2900
C0186,2025-06,2025-12,6,Referral,Basic,1,2900
C0187,2025-05,2025-05,0,Organic,Basic,1,2900
C0187,2025-05,2025-06,1,Organic,Basic,1,2900
C0187,2025-05,2025-07,2,Organic,Basic,1,2900
C0187,2025-05,2025-08,3,Organic,Basic,1,2900
C0187,2025-05,2025-09,4,Organic,Basic,1,2900
C0187,2025-05,2025-10,5,Organic,Basic,1,2900
C0187,2025-05,2025-11,6,Organic,Basic,1,2900
C0187,2025-05,2025-12,7,Organic,Basic,1,2900
C0188,2025-01,2025-01,0,Paid,Basic,1,2900
C0188,2025-01,2025-02,1,Paid,Basic,0,0
C0188,2025-01,2025-03,2,Paid,Basic,0,0
C0188,2025-01,2025-04,3,Paid,Basic,0,0
C0188,2025-01,2025-05,4,Paid,Basic,0,0
C0188,2025-01,2025-06,5,Paid,Basic,0,0
C0188,2025-01,2025-07,6,Paid,Basic,0,0
C0188,2025-01,2025-08,7,Paid,Basic,0,0
C0188,2025-01,2025-09,8,Paid,Basic,0,0
C0188,2025-01,2025-10,9,Paid,Basic,0,0
C0188,2025-01,2025-11,10,Paid,Basic,0,0
C0188,2025-01,2025-12,11,Paid,Basic,0,0
C0189,2025-06,2025-06,0,Referral,Basic,1,2900
C0189,2025-06,2025-07,1,Referral,Basic,1,2900
C0189,2025-06,2025-08,2,Referral,Basic,1,2900
C0189,2025-06,2025-09,3,Referral,Basic,1,2900
C0189,2025-06,2025-10,4,Referral,Basic,1,2900
C0189,2025-06,2025-11,5,Referral,Basic,1,2900
C0189,2025-06,2025-12,6,Referral,Basic,1,2900
C0190,2025-03,2025-03,0,Referral,Pro,1,7900
C0190,2025-03,2025-04,1,Referral,Pro,1,7900
C0190,2025-03,2025-05,2,Referral,Pro,1,7900
C0190,2025-03,2025-06,3,Referral,Pro,1,7900
C0190,2025-03,2025-07,4,Referral,Pro,1,7900
C0190,2025-03,2025-08,5,Referral,Pro,0,0
C0190,2025-03,2025-09,6,Referral,Pro,0,0
C0190,2025-03,2025-10,7,Referral,Pro,0,0
C0190,2025-03,2025-11,8,Referral,Pro,0,0
C0190,2025-03,2025-12,9,Referral,Pro,0,0
C0191,2025-06,2025-06,0,Organic,Pro,1,7900
C0191,2025-06,2025-07,1,Organic,Pro,1,7900
C0191,2025-06,2025-08,2,Organic,Pro,0,0
C0191,2025-06,2025-09,3,Organic,Pro,0,0
C0191,2025-06,2025-10,4,Organic,Pro,0,0
C0191,2025-06,2025-11,5,Organic,Pro,0,0
C0191,2025-06,2025-12,6,Organic,Pro,0,0
C0192,2025-01,2025-01,0,Referral,Pro,1,7900
C0192,2025-01,2025-02,1,Referral,Pro,1,7900
C0192,2025-01,2025-03,2,Referral,Pro,1,7900
C0192,2025-01,2025-04,3,Referral,Pro,1,7900
C0192,2025-01,2025-05,4,Referral,Pro,1,7900
C0192,2025-01,2025-06,5,Referral,Pro,1,7900
C0192,2025-01,2025-07,6,Referral,Pro,1,7900
C0192,2025-01,2025-08,7,Referral,Pro,0,0
C0192,2025-01,2025-09,8,Referral,Pro,0,0
C0192,2025-01,2025-10,9,Referral,Pro,0,0
C0192,2025-01,2025-11,10,Referral,Pro,0,0
C0192,2025-01,2025-12,11,Referral,Pro,0,0
C0193,2025-05,2025-05,0,Paid,Basic,1,2900
C0193,2025-05,2025-06,1,Paid,Basic,1,2900
C0193,2025-05,2025-07,2,Paid,Basic,1,2900
C0193,2025-05,2025-08,3,Paid,Basic,1,2900
C0193,2025-05,2025-09,4,Paid,Basic,1,2900
C0193,2025-05,2025-10,5,Paid,Basic,1,2900
C0193,2025-05,2025-11,6,Paid,Basic,1,2900
C0193,2025-05,2025-12,7,Paid,Basic,1,2900
C0194,2025-05,2025-05,0,Paid,Basic,1,2900
C0194,2025-05,2025-06,1,Paid,Basic,1,2900
C0194,2025-05,2025-07,2,Paid,Basic,1,2900
C0194,2025-05,2025-08,3,Paid,Basic,1,2900
C0194,2025-05,2025-09,4,Paid,Basic,1,2900
C0194,2025-05,2025-10,5,Paid,Basic,1,2900
C0194,2025-05,2025-11,6,Paid,Basic,1,2900
C0194,2025-05,2025-12,7,Paid,Basic,1,2900
C0195,2025-01,2025-01,0,Paid,Pro,1,7900
C0195,2025-01,2025-02,1,Paid,Pro,1,7900
C0195,2025-01,2025-03,2,Paid,Pro,1,7900
C0195,2025-01,2025-04,3,Paid,Pro,1,7900
C0195,2025-01,2025-05,4,Paid,Pro,1,7900
C0195,2025-01,2025-06,5,Paid,Pro,0,0
C0195,2025-01,2025-07,6,Paid,Pro,0,0
C0195,2025-01,2025-08,7,Paid,Pro,0,0
C0195,2025-01,2025-09,8,Paid,Pro,0,0
C0195,2025-01,2025-10,9,Paid,Pro,0,0
C0195,2025-01,2025-11,10,Paid,Pro,0,0
C0195,2025-01,2025-12,11,Paid,Pro,0,0
C0196,2025-02,2025-02,0,Paid,Basic,1,2900
C0196,2025-02,2025-03,1,Paid,Basic,1,2900
C0196,2025-02,2025-04,2,Paid,Basic,1,2900
C0196,2025-02,2025-05,3,Paid,Basic,1,2900
C0196,2025-02,2025-06,4,Paid,Basic,1,2900
C0196,2025-02,2025-07,5,Paid,Basic,1,2900
C0196,2025-02,2025-08,6,Paid,Basic,1,2900
C0196,2025-02,2025-09,7,Paid,Basic,1,2900
C0196,2025-02,2025-10,8,Paid,Basic,1,2900
C0196,2025-02,2025-11,9,Paid,Basic,1,2900
C0196,2025-02,2025-12,10,Paid,Basic,0,0
C0197,2025-03,2025-03,0,Organic,Pro,1,7900
C0197,2025-03,2025-04,1,Organic,Pro,1,7900
C0197,2025-03,2025-05,2,Organic,Pro,1,7900
C0197,2025-03,2025-06,3,Organic,Pro,1,7900
C0197,2025-03,2025-07,4,Organic,Pro,0,0
C0197,2025-03,2025-08,5,Organic,Pro,0,0
C0197,2025-03,2025-09,6,Organic,Pro,0,0
C0197,2025-03,2025-10,7,Organic,Pro,0,0
C0197,2025-03,2025-11,8,Organic,Pro,0,0
C0197,2025-03,2025-12,9,Organic,Pro,0,0
C0198,2025-06,2025-06,0,Paid,Basic,1,2900
C0198,2025-06,2025-07,1,Paid,Basic,1,2900
C0198,2025-06,2025-08,2,Paid,Basic,1,2900
C0198,2025-06,2025-09,3,Paid,Basic,1,2900
C0198,2025-06,2025-10,4,Paid,Basic,1,2900
C0198,2025-06,2025-11,5,Paid,Basic,1,2900
C0198,2025-06,2025-12,6,Paid,Basic,1,2900
C0199,2025-03,2025-03,0,Organic,Basic,1,2900
C0199,2025-03,2025-04,1,Organic,Basic,1,2900
C0199,2025-03,2025-05,2,Organic,Basic,1,2900
C0199,2025-03,2025-06,3,Organic,Basic,1,2900
C0199,2025-03,2025-07,4,Organic,Basic,1,2900
C0199,2025-03,2025-08,5,Organic,Basic,1,2900
C0199,2025-03,2025-09,6,Organic,Basic,1,2900
C0199,2025-03,2025-10,7,Organic,Basic,1,2900
C0199,2025-03,2025-11,8,Organic,Basic,0,0
C0199,2025-03,2025-12,9,Organic,Basic,0,0
C0200,2025-02,2025-02,0,Paid,Basic,1,2900
C0200,2025-02,2025-03,1,Paid,Basic,1,2900
C0200,2025-02,2025-04,2,Paid,Basic,1,2900
C0200,2025-02,2025-05,3,Paid,Basic,1,2900
C0200,2025-02,2025-06,4,Paid,Basic,1,2900
C0200,2025-02,2025-07,5,Paid,Basic,1,2900
C0200,2025-02,2025-08,6,Paid,Basic,1,2900
C0200,2025-02,2025-09,7,Paid,Basic,1,2900
C0200,2025-02,2025-10,8,Paid,Basic,1,2900
C0200,2025-02,2025-11,9,Paid,Basic,0,0
C0200,2025-02,2025-12,10,Paid,Basic,0,0
C0201,2025-03,2025-03,0,Referral,Basic,1,2900
C0201,2025-03,2025-04,1,Referral,Basic,1,2900
C0201,2025-03,2025-05,2,Referral,Basic,1,2900
C0201,2025-03,2025-06,3,Referral,Basic,1,2900
C0201,2025-03,2025-07,4,Referral,Basic,1,2900
C0201,2025-03,2025-08,5,Referral,Basic,1,2900
C0201,2025-03,2025-09,6,Referral,Basic,1,2900
C0201,2025-03,2025-10,7,Referral,Basic,0,0
C0201,2025-03,2025-11,8,Referral,Basic,0,0
C0201,2025-03,2025-12,9,Referral,Basic,0,0
C0202,2025-06,2025-06,0,Organic,Basic,1,2900
C0202,2025-06,2025-07,1,Organic,Basic,1,2900
C0202,2025-06,2025-08,2,Organic,Basic,1,2900
C0202,2025-06,2025-09,3,Organic,Basic,1,2900
C0202,2025-06,2025-10,4,Organic,Basic,1,2900
C0202,2025-06,2025-11,5,Organic,Basic,1,2900
C0202,2025-06,2025-12,6,Organic,Basic,1,2900
C0203,2025-05,2025-05,0,Paid,Pro,1,7900
C0203,2025-05,2025-06,1,Paid,Pro,1,7900
C0203,2025-05,2025-07,2,Paid,Pro,1,7900
C0203,2025-05,2025-08,3,Paid,Pro,0,0
C0203,2025-05,2025-09,4,Paid,Pro,0,0
C0203,2025-05,2025-10,5,Paid,Pro,0,0
C0203,2025-05,2025-11,6,Paid,Pro,0,0
C0203,2025-05,2025-12,7,Paid,Pro,0,0
C0204,2025-03,2025-03,0,Organic,Pro,1,7900
C0204,2025-03,2025-04,1,Organic,Pro,1,7900
C0204,2025-03,2025-05,2,Organic,Pro,1,7900
C0204,2025-03,2025-06,3,Organic,Pro,1,7900
C0204,2025-03,2025-07,4,Organic,Pro,1,7900
C0204,2025-03,2025-08,5,Organic,Pro,1,7900
C0204,2025-03,2025-09,6,Organic,Pro,1,7900
C0204,2025-03,2025-10,7,Organic,Pro,1,7900
C0204,2025-03,2025-11,8,Organic,Pro,1,7900
C0204,2025-03,2025-12,9,Organic,Pro,1,7900
C0205,2025-04,2025-04,0,Paid,Pro,1,7900
C0205,2025-04,2025-05,1,Paid,Pro,1,7900
C0205,2025-04,2025-06,2,Paid,Pro,1,7900
C0205,2025-04,2025-07,3,Paid,Pro,1,7900
C0205,2025-04,2025-08,4,Paid,Pro,1,7900
C0205,2025-04,2025-09,5,Paid,Pro,1,7900
C0205,2025-04,2025-10,6,Paid,Pro,1,7900
C0205,2025-04,2025-11,7,Paid,Pro,1,7900
C0205,2025-04,2025-12,8,Paid,Pro,1,7900
C0206,2025-01,2025-01,0,Paid,Pro,1,7900
C0206,2025-01,2025-02,1,Paid,Pro,1,7900
C0206,2025-01,2025-03,2,Paid,Pro,1,7900
C0206,2025-01,2025-04,3,Paid,Pro,1,7900
C0206,2025-01,2025-05,4,Paid,Pro,1,7900
C0206,2025-01,2025-06,5,Paid,Pro,0,0
C0206,2025-01,2025-07,6,Paid,Pro,0,0
C0206,2025-01,2025-08,7,Paid,Pro,0,0
C0206,2025-01,2025-09,8,Paid,Pro,0,0
C0206,2025-01,2025-10,9,Paid,Pro,0,0
C0206,2025-01,2025-11,10,Paid,Pro,0,0
C0206,2025-01,2025-12,11,Paid,Pro,0,0
C0207,2025-05,2025-05,0,Organic,Pro,1,7900
C0207,2025-05,2025-06,1,Organic,Pro,1,7900
C0207,2025-05,2025-07,2,Organic,Pro,1,7900
C0207,2025-05,2025-08,3,Organic,Pro,1,7900
C0207,2025-05,2025-09,4,Organic,Pro,1,7900
C0207,2025-05,2025-10,5,Organic,Pro,1,7900
C0207,2025-05,2025-11,6,Organic,Pro,1,7900
C0207,2025-05,2025-12,7,Organic,Pro,1,7900
C0208,2025-04,2025-04,0,Paid,Pro,1,7900
C0208,2025-04,2025-05,1,Paid,Pro,1,7900
C0208,2025-04,2025-06,2,Paid,Pro,1,7900
C0208,2025-04,2025-07,3,Paid,Pro,1,7900
C0208,2025-04,2025-08,4,Paid,Pro,1,7900
C0208,2025-04,2025-09,5,Paid,Pro,0,0
C0208,2025-04,2025-10,6,Paid,Pro,0,0
C0208,2025-04,2025-11,7,Paid,Pro,0,0
C0208,2025-04,2025-12,8,Paid,Pro,0,0
C0209,2025-01,2025-01,0,Referral,Basic,1,2900
C0209,2025-01,2025-02,1,Referral,Basic,1,2900
C0209,2025-01,2025-03,2,Referral,Basic,1,2900
C0209,2025-01,2025-04,3,Referral,Basic,1,2900
C0209,2025-01,2025-05,4,Referral,Basic,1,2900
C0209,2025-01,2025-06,5,Referral,Basic,1,2900
C0209,2025-01,2025-07,6,Referral,Basic,1,2900
C0209,2025-01,2025-08,7,Referral,Basic,1,2900
C0209,2025-01,2025-09,8,Referral,Basic,1,2900
C0209,2025-01,2025-10,9,Referral,Basic,1,2900
C0209,2025-01,2025-11,10,Referral,Basic,1,2900
C0209,2025-01,2025-12,11,Referral,Basic,1,2900
C0210,2025-05,2025-05,0,Paid,Pro,1,7900
C0210,2025-05,2025-06,1,Paid,Pro,1,7900
C0210,2025-05,2025-07,2,Paid,Pro,1,7900
C0210,2025-05,2025-08,3,Paid,Pro,1,7900
C0210,2025-05,2025-09,4,Paid,Pro,1,7900
C0210,2025-05,2025-10,5,Paid,Pro,1,7900
C0210,2025-05,2025-11,6,Paid,Pro,1,7900
C0210,2025-05,2025-12,7,Paid,Pro,1,7900
C0211,2025-06,2025-06,0,Paid,Pro,1,7900
C0211,2025-06,2025-07,1,Paid,Pro,0,0
C0211,2025-06,2025-08,2,Paid,Pro,0,0
C0211,2025-06,2025-09,3,Paid,Pro,0,0
C0211,2025-06,2025-10,4,Paid,Pro,0,0
C0211,2025-06,2025-11,5,Paid,Pro,0,0
C0211,2025-06,2025-12,6,Paid,Pro,0,0
C0212,2025-04,2025-04,0,Organic,Pro,1,7900
C0212,2025-04,2025-05,1,Organic,Pro,1,7900
C0212,2025-04,2025-06,2,Organic,Pro,1,7900
C0212,2025-04,2025-07,3,Organic,Pro,1,7900
C0212,2025-04,2025-08,4,Organic,Pro,1,7900
C0212,2025-04,2025-09,5,Organic,Pro,1,7900
C0212,2025-04,2025-10,6,Organic,Pro,1,7900
C0212,2025-04,2025-11,7,Organic,Pro,1,7900
C0212,2025-04,2025-12,8,Organic,Pro,1,7900
C0213,2025-06,2025-06,0,Referral,Basic,1,2900
C0213,2025-06,2025-07,1,Referral,Basic,1,2900
C0213,2025-06,2025-08,2,Referral,Basic,1,2900
C0213,2025-06,2025-09,3,Referral,Basic,1,2900
C0213,2025-06,2025-10,4,Referral,Basic,1,2900
C0213,2025-06,2025-11,5,Referral,Basic,1,2900
C0213,2025-06,2025-12,6,Referral,Basic,0,0
C0214,2025-06,2025-06,0,Organic,Pro,1,7900
C0214,2025-06,2025-07,1,Organic,Pro,1,7900
C0214,2025-06,2025-08,2,Organic,Pro,0,0
C0214,2025-06,2025-09,3,Organic,Pro,0,0
C0214,2025-06,2025-10,4,Organic,Pro,0,0
C0214,2025-06,2025-11,5,Organic,Pro,0,0
C0214,2025-06,2025-12,6,Organic,Pro,0,0
C0215,2025-06,2025-06,0,Organic,Basic,1,2900
C0215,2025-06,2025-07,1,Organic,Basic,1,2900
C0215,2025-06,2025-08,2,Organic,Basic,1,2900
C0215,2025-06,2025-09,3,Organic,Basic,1,2900
C0215,2025-06,2025-10,4,Organic,Basic,1,2900
C0215,2025-06,2025-11,5,Organic,Basic,1,2900
C0215,2025-06,2025-12,6,Organic,Basic,1,2900
C0216,2025-02,2025-02,0,Organic,Pro,1,7900
C0216,2025-02,2025-03,1,Organic,Pro,1,7900
C0216,2025-02,2025-04,2,Organic,Pro,1,7900
C0216,2025-02,2025-05,3,Organic,Pro,1,7900
C0216,2025-02,2025-06,4,Organic,Pro,1,7900
C0216,2025-02,2025-07,5,Organic,Pro,1,7900
C0216,2025-02,2025-08,6,Organic,Pro,1,7900
C0216,2025-02,2025-09,7,Organic,Pro,1,7900
C0216,2025-02,2025-10,8,Organic,Pro,1,7900
C0216,2025-02,2025-11,9,Organic,Pro,1,7900
C0216,2025-02,2025-12,10,Organic,Pro,1,7900
C0217,2025-05,2025-05,0,Referral,Basic,1,2900
C0217,2025-05,2025-06,1,Referral,Basic,1,2900
C0217,2025-05,2025-07,2,Referral,Basic,1,2900
C0217,2025-05,2025-08,3,Referral,Basic,1,2900
C0217,2025-05,2025-09,4,Referral,Basic,1,2900
C0217,2025-05,2025-10,5,Referral,Basic,1,2900
C0217,2025-05,2025-11,6,Referral,Basic,1,2900
C0217,2025-05,2025-12,7,Referral,Basic,1,2900
C0218,2025-04,2025-04,0,Referral,Basic,1,2900
C0218,2025-04,2025-05,1,Referral,Basic,1,2900
C0218,2025-04,2025-06,2,Referral,Basic,1,2900
C0218,2025-04,2025-07,3,Referral,Basic,1,2900
C0218,2025-04,2025-08,4,Referral,Basic,1,2900
C0218,2025-04,2025-09,5,Referral,Basic,1,2900
C0218,2025-04,2025-10,6,Referral,Basic,1,2900
C0218,2025-04,2025-11,7,Referral,Basic,1,2900
C0218,2025-04,2025-12,8,Referral,Basic,1,2900
C0219,2025-02,2025-02,0,Referral,Basic,1,2900
C0219,2025-02,2025-03,1,Referral,Basic,1,2900
C0219,2025-02,2025-04,2,Referral,Basic,1,2900
C0219,2025-02,2025-05,3,Referral,Basic,1,2900
C0219,2025-02,2025-06,4,Referral,Basic,1,2900
C0219,2025-02,2025-07,5,Referral,Basic,1,2900
C0219,2025-02,2025-08,6,Referral,Basic,1,2900
C0219,2025-02,2025-09,7,Referral,Basic,1,2900
C0219,2025-02,2025-10,8,Referral,Basic,1,2900
C0219,2025-02,2025-11,9,Referral,Basic,1,2900
C0219,2025-02,2025-12,10,Referral,Basic,1,2900
C0220,2025-01,2025-01,0,Referral,Pro,1,7900
C0220,2025-01,2025-02,1,Referral,Pro,1,7900
C0220,2025-01,2025-03,2,Referral,Pro,1,7900
C0220,2025-01,2025-04,3,Referral,Pro,1,7900
C0220,2025-01,2025-05,4,Referral,Pro,1,7900
C0220,2025-01,2025-06,5,Referral,Pro,1,7900
C0220,2025-01,2025-07,6,Referral,Pro,1,7900
C0220,2025-01,2025-08,7,Referral,Pro,1,7900
C0220,2025-01,2025-09,8,Referral,Pro,1,7900
C0220,2025-01,2025-10,9,Referral,Pro,1,7900
C0220,2025-01,2025-11,10,Referral,Pro,1,7900
C0220,2025-01,2025-12,11,Referral,Pro,1,7900
C0221,2025-03,2025-03,0,Organic,Basic,1,2900
C0221,2025-03,2025-04,1,Organic,Basic,0,0
C0221,2025-03,2025-05,2,Organic,Basic,0,0
C0221,2025-03,2025-06,3,Organic,Basic,0,0
C0221,2025-03,2025-07,4,Organic,Basic,0,0
C0221,2025-03,2025-08,5,Organic,Basic,0,0
C0221,2025-03,2025-09,6,Organic,Basic,0,0
C0221,2025-03,2025-10,7,Organic,Basic,0,0
C0221,2025-03,2025-11,8,Organic,Basic,0,0
C0221,2025-03,2025-12,9,Organic,Basic,0,0
C0222,2025-02,2025-02,0,Organic,Pro,1,7900
C0222,2025-02,2025-03,1,Organic,Pro,1,7900
C0222,2025-02,2025-04,2,Organic,Pro,0,0
C0222,2025-02,2025-05,3,Organic,Pro,0,0
C0222,2025-02,2025-06,4,Organic,Pro,0,0
C0222,2025-02,2025-07,5,Organic,Pro,0,0
C0222,2025-02,2025-08,6,Organic,Pro,0,0
C0222,2025-02,2025-09,7,Organic,Pro,0,0
C0222,2025-02,2025-10,8,Organic,Pro,0,0
C0222,2025-02,2025-11,9,Organic,Pro,0,0
C0222,2025-02,2025-12,10,Organic,Pro,0,0
C0223,2025-01,2025-01,0,Organic,Basic,1,2900
C0223,2025-01,2025-02,1,Organic,Basic,1,2900
C0223,2025-01,2025-03,2,Organic,Basic,1,2900
C0223,2025-01,2025-04,3,Organic,Basic,1,2900
C0223,2025-01,2025-05,4,Organic,Basic,1,2900
C0223,2025-01,2025-06,5,Organic,Basic,1,2900
C0223,2025-01,2025-07,6,Organic,Basic,1,2900
C0223,2025-01,2025-08,7,Organic,Basic,1,2900
C0223,2025-01,2025-09,8,Organic,Basic,1,2900
C0223,2025-01,2025-10,9,Organic,Basic,1,2900
C0223,2025-01,2025-11,10,Organic,Basic,1,2900
C0223,2025-01,2025-12,11,Organic,Basic,1,2900
C0224,2025-03,2025-03,0,Referral,Pro,1,7900
C0224,2025-03,2025-04,1,Referral,Pro,1,7900
C0224,2025-03,2025-05,2,Referral,Pro,0,0
C0224,2025-03,2025-06,3,Referral,Pro,0,0
C0224,2025-03,2025-07,4,Referral,Pro,0,0
C0224,2025-03,2025-08,5,Referral,Pro,0,0
C0224,2025-03,2025-09,6,Referral,Pro,0,0
C0224,2025-03,2025-10,7,Referral,Pro,0,0
C0224,2025-03,2025-11,8,Referral,Pro,0,0
C0224,2025-03,2025-12,9,Referral,Pro,0,0
C0225,2025-02,2025-02,0,Paid,Basic,1,2900
C0225,2025-02,2025-03,1,Paid,Basic,1,2900
C0225,2025-02,2025-04,2,Paid,Basic,1,2900
C0225,2025-02,2025-05,3,Paid,Basic,1,2900
C0225,2025-02,2025-06,4,Paid,Basic,1,2900
C0225,2025-02,2025-07,5,Paid,Basic,1,2900
C0225,2025-02,2025-08,6,Paid,Basic,1,2900
C0225,2025-02,2025-09,7,Paid,Basic,0,0
C0225,2025-02,2025-10,8,Paid,Basic,0,0
C0225,2025-02,2025-11,9,Paid,Basic,0,0
C0225,2025-02,2025-12,10,Paid,Basic,0,0
C0226,2025-05,2025-05,0,Referral,Pro,1,7900
C0226,2025-05,2025-06,1,Referral,Pro,1,7900
C0226,2025-05,2025-07,2,Referral,Pro,1,7900
C0226,2025-05,2025-08,3,Referral,Pro,1,7900
C0226,2025-05,2025-09,4,Referral,Pro,1,7900
C0226,2025-05,2025-10,5,Referral,Pro,1,7900
C0226,2025-05,2025-11,6,Referral,Pro,1,7900
C0226,2025-05,2025-12,7,Referral,Pro,1,7900
C0227,2025-04,2025-04,0,Referral,Pro,1,7900
C0227,2025-04,2025-05,1,Referral,Pro,1,7900
C0227,2025-04,2025-06,2,Referral,Pro,1,7900
C0227,2025-04,2025-07,3,Referral,Pro,1,7900
C0227,2025-04,2025-08,4,Referral,Pro,1,7900
C0227,2025-04,2025-09,5,Referral,Pro,1,7900
C0227,2025-04,2025-10,6,Referral,Pro,1,7900
C0227,2025-04,2025-11,7,Referral,Pro,1,7900
C0227,2025-04,2025-12,8,Referral,Pro,1,7900
C0228,2025-04,2025-04,0,Paid,Basic,1,2900
C0228,2025-04,2025-05,1,Paid,Basic,1,2900
C0228,2025-04,2025-06,2,Paid,Basic,1,2900
C0228,2025-04,2025-07,3,Paid,Basic,1,2900
C0228,2025-04,2025-08,4,Paid,Basic,1,2900
C0228,2025-04,2025-09,5,Paid,Basic,1,2900
C0228,2025-04,2025-10,6,Paid,Basic,0,0
C0228,2025-04,2025-11,7,Paid,Basic,0,0
C0228,2025-04,2025-12,8,Paid,Basic,0,0
C0229,2025-05,2025-05,0,Organic,Pro,1,7900
C0229,2025-05,2025-06,1,Organic,Pro,1,7900
C0229,2025-05,2025-07,2,Organic,Pro,1,7900
C0229,2025-05,2025-08,3,Organic,Pro,1,7900
C0229,2025-05,2025-09,4,Organic,Pro,1,7900
C0229,2025-05,2025-10,5,Organic,Pro,0,0
C0229,2025-05,2025-11,6,Organic,Pro,0,0
C0229,2025-05,2025-12,7,Organic,Pro,0,0
C0230,2025-01,2025-01,0,Referral,Basic,1,2900
C0230,2025-01,2025-02,1,Referral,Basic,1,2900
C0230,2025-01,2025-03,2,Referral,Basic,1,2900
C0230,2025-01,2025-04,3,Referral,Basic,1,2900
C0230,2025-01,2025-05,4,Referral,Basic,1,2900
C0230,2025-01,2025-06,5,Referral,Basic,1,2900
C0230,2025-01,2025-07,6,Referral,Basic,1,2900
C0230,2025-01,2025-08,7,Referral,Basic,1,2900
C0230,2025-01,2025-09,8,Referral,Basic,1,2900
C0230,2025-01,2025-10,9,Referral,Basic,1,2900
C0230,2025-01,2025-11,10,Referral,Basic,1,2900
C0230,2025-01,2025-12,11,Referral,Basic,1,2900
C0231,2025-01,2025-01,0,Organic,Basic,1,2900
C0231,2025-01,2025-02,1,Organic,Basic,1,2900
C0231,2025-01,2025-03,2,Organic,Basic,1,2900
C0231,2025-01,2025-04,3,Organic,Basic,1,2900
C0231,2025-01,2025-05,4,Organic,Basic,1,2900
C0231,2025-01,2025-06,5,Organic,Basic,1,2900
C0231,2025-01,2025-07,6,Organic,Basic,0,0
C0231,2025-01,2025-08,7,Organic,Basic,0,0
C0231,2025-01,2025-09,8,Organic,Basic,0,0
C0231,2025-01,2025-10,9,Organic,Basic,0,0
C0231,2025-01,2025-11,10,Organic,Basic,0,0
C0231,2025-01,2025-12,11,Organic,Basic,0,0
C0232,2025-06,2025-06,0,Referral,Pro,1,7900
C0232,2025-06,2025-07,1,Referral,Pro,1,7900
C0232,2025-06,2025-08,2,Referral,Pro,1,7900
C0232,2025-06,2025-09,3,Referral,Pro,1,7900
C0232,2025-06,2025-10,4,Referral,Pro,1,7900
C0232,2025-06,2025-11,5,Referral,Pro,1,7900
C0232,2025-06,2025-12,6,Referral,Pro,0,0
C0233,2025-01,2025-01,0,Organic,Pro,1,7900
C0233,2025-01,2025-02,1,Organic,Pro,1,7900
C0233,2025-01,2025-03,2,Organic,Pro,1,7900
C0233,2025-01,2025-04,3,Organic,Pro,1,7900
C0233,2025-01,2025-05,4,Organic,Pro,1,7900
C0233,2025-01,2025-06,5,Organic,Pro,1,7900
C0233,2025-01,2025-07,6,Organic,Pro,1,7900
C0233,2025-01,2025-08,7,Organic,Pro,1,7900
C0233,2025-01,2025-09,8,Organic,Pro,1,7900
C0233,2025-01,2025-10,9,Organic,Pro,1,7900
C0233,2025-01,2025-11,10,Organic,Pro,1,7900
C0233,2025-01,2025-12,11,Organic,Pro,1,7900
C0234,2025-02,2025-02,0,Paid,Pro,1,7900
C0234,2025-02,2025-03,1,Paid,Pro,1,7900
C0234,2025-02,2025-04,2,Paid,Pro,1,7900
C0234,2025-02,2025-05,3,Paid,Pro,1,7900
C0234,2025-02,2025-06,4,Paid,Pro,1,7900
C0234,2025-02,2025-07,5,Paid,Pro,1,7900
C0234,2025-02,2025-08,6,Paid,Pro,1,7900
C0234,2025-02,2025-09,7,Paid,Pro,1,7900
C0234,2025-02,2025-10,8,Paid,Pro,1,7900
C0234,2025-02,2025-11,9,Paid,Pro,1,7900
C0234,2025-02,2025-12,10,Paid,Pro,1,7900
C0235,2025-06,2025-06,0,Referral,Pro,1,7900
C0235,2025-06,2025-07,1,Referral,Pro,1,7900
C0235,2025-06,2025-08,2,Referral,Pro,1,7900
C0235,2025-06,2025-09,3,Referral,Pro,1,7900
C0235,2025-06,2025-10,4,Referral,Pro,1,7900
C0235,2025-06,2025-11,5,Referral,Pro,1,7900
C0235,2025-06,2025-12,6,Referral,Pro,1,7900
C0236,2025-03,2025-03,0,Referral,Pro,1,7900
C0236,2025-03,2025-04,1,Referral,Pro,1,7900
C0236,2025-03,2025-05,2,Referral,Pro,1,7900
C0236,2025-03,2025-06,3,Referral,Pro,1,7900
C0236,2025-03,2025-07,4,Referral,Pro,0,0
C0236,2025-03,2025-08,5,Referral,Pro,0,0
C0236,2025-03,2025-09,6,Referral,Pro,0,0
C0236,2025-03,2025-10,7,Referral,Pro,0,0
C0236,2025-03,2025-11,8,Referral,Pro,0,0
C0236,2025-03,2025-12,9,Referral,Pro,0,0
C0237,2025-05,2025-05,0,Paid,Basic,1,2900
C0237,2025-05,2025-06,1,Paid,Basic,0,0
C0237,2025-05,2025-07,2,Paid,Basic,0,0
C0237,2025-05,2025-08,3,Paid,Basic,0,0
C0237,2025-05,2025-09,4,Paid,Basic,0,0
C0237,2025-05,2025-10,5,Paid,Basic,0,0
C0237,2025-05,2025-11,6,Paid,Basic,0,0
C0237,2025-05,2025-12,7,Paid,Basic,0,0
C0238,2025-03,2025-03,0,Organic,Pro,1,7900
C0238,2025-03,2025-04,1,Organic,Pro,1,7900
C0238,2025-03,2025-05,2,Organic,Pro,1,7900
C0238,2025-03,2025-06,3,Organic,Pro,1,7900
C0238,2025-03,2025-07,4,Organic,Pro,1,7900
C0238,2025-03,2025-08,5,Organic,Pro,1,7900
C0238,2025-03,2025-09,6,Organic,Pro,1,7900
C0238,2025-03,2025-10,7,Organic,Pro,0,0
C0238,2025-03,2025-11,8,Organic,Pro,0,0
C0238,2025-03,2025-12,9,Organic,Pro,0,0
C0239,2025-05,2025-05,0,Referral,Pro,1,7900
C0239,2025-05,2025-06,1,Referral,Pro,1,7900
C0239,2025-05,2025-07,2,Referral,Pro,1,7900
C0239,2025-05,2025-08,3,Referral,Pro,1,7900
C0239,2025-05,2025-09,4,Referral,Pro,0,0
C0239,2025-05,2025-10,5,Referral,Pro,0,0
C0239,2025-05,2025-11,6,Referral,Pro,0,0
C0239,2025-05,2025-12,7,Referral,Pro,0,0
C0240,2025-06,2025-06,0,Organic,Pro,1,7900
C0240,2025-06,2025-07,1,Organic,Pro,1,7900
C0240,2025-06,2025-08,2,Organic,Pro,1,7900
C0240,2025-06,2025-09,3,Organic,Pro,1,7900
C0240,2025-06,2025-10,4,Organic,Pro,1,7900
C0240,2025-06,2025-11,5,Organic,Pro,1,7900
C0240,2025-06,2025-12,6,Organic,Pro,1,7900
C0241,2025-01,2025-01,0,Organic,Pro,1,7900
C0241,2025-01,2025-02,1,Organic,Pro,1,7900
C0241,2025-01,2025-03,2,Organic,Pro,1,7900
C0241,2025-01,2025-04,3,Organic,Pro,1,7900
C0241,2025-01,2025-05,4,Organic,Pro,0,0
C0241,2025-01,2025-06,5,Organic,Pro,0,0
C0241,2025-01,2025-07,6,Organic,Pro,0,0
C0241,2025-01,2025-08,7,Organic,Pro,0,0
C0241,2025-01,2025-09,8,Organic,Pro,0,0
C0241,2025-01,2025-10,9,Organic,Pro,0,0
C0241,2025-01,2025-11,10,Organic,Pro,0,0
C0241,2025-01,2025-12,11,Organic,Pro,0,0
C0242,2025-06,2025-06,0,Paid,Pro,1,7900
C0242,2025-06,2025-07,1,Paid,Pro,1,7900
C0242,2025-06,2025-08,2,Paid,Pro,0,0
C0242,2025-06,2025-09,3,Paid,Pro,0,0
C0242,2025-06,2025-10,4,Paid,Pro,0,0
C0242,2025-06,2025-11,5,Paid,Pro,0,0
C0242,2025-06,2025-12,6,Paid,Pro,0,0
C0243,2025-01,2025-01,0,Referral,Basic,1,2900
C0243,2025-01,2025-02,1,Referral,Basic,1,2900
C0243,2025-01,2025-03,2,Referral,Basic,1,2900
C0243,2025-01,2025-04,3,Referral,Basic,1,2900
C0243,2025-01,2025-05,4,Referral,Basic,1,2900
C0243,2025-01,2025-06,5,Referral,Basic,1,2900
C0243,2025-01,2025-07,6,Referral,Basic,1,2900
C0243,2025-01,2025-08,7,Referral,Basic,1,2900
C0243,2025-01,2025-09,8,Referral,Basic,1,2900
C0243,2025-01,2025-10,9,Referral,Basic,1,2900
C0243,2025-01,2025-11,10,Referral,Basic,1,2900
C0243,2025-01,2025-12,11,Referral,Basic,1,2900
C0244,2025-06,2025-06,0,Referral,Basic,1,2900
C0244,2025-06,2025-07,1,Referral,Basic,1,2900
C0244,2025-06,2025-08,2,Referral,Basic,1,2900
C0244,2025-06,2025-09,3,Referral,Basic,1,2900
C0244,2025-06,2025-10,4,Referral,Basic,1,2900
C0244,2025-06,2025-11,5,Referral,Basic,1,2900
C0244,2025-06,2025-12,6,Referral,Basic,1,2900
C0245,2025-01,2025-01,0,Paid,Pro,1,7900
C0245,2025-01,2025-02,1,Paid,Pro,1,7900
C0245,2025-01,2025-03,2,Paid,Pro,0,0
C0245,2025-01,2025-04,3,Paid,Pro,0,0
C0245,2025-01,2025-05,4,Paid,Pro,0,0
C0245,2025-01,2025-06,5,Paid,Pro,0,0
C0245,2025-01,2025-07,6,Paid,Pro,0,0
C0245,2025-01,2025-08,7,Paid,Pro,0,0
C0245,2025-01,2025-09,8,Paid,Pro,0,0
C0245,2025-01,2025-10,9,Paid,Pro,0,0
C0245,2025-01,2025-11,10,Paid,Pro,0,0
C0245,2025-01,2025-12,11,Paid,Pro,0,0
C0246,2025-02,2025-02,0,Organic,Basic,1,2900
C0246,2025-02,2025-03,1,Organic,Basic,1,2900
C0246,2025-02,2025-04,2,Organic,Basic,1,2900
C0246,2025-02,2025-05,3,Organic,Basic,1,2900
C0246,2025-02,2025-06,4,Organic,Basic,1,2900
C0246,2025-02,2025-07,5,Organic,Basic,1,2900
C0246,2025-02,2025-08,6,Organic,Basic,1,2900
C0246,2025-02,2025-09,7,Organic,Basic,1,2900
C0246,2025-02,2025-10,8,Organic,Basic,1,2900
C0246,2025-02,2025-11,9,Organic,Basic,0,0
C0246,2025-02,2025-12,10,Organic,Basic,0,0
C0247,2025-02,2025-02,0,Referral,Basic,1,2900
C0247,2025-02,2025-03,1,Referral,Basic,1,2900
C0247,2025-02,2025-04,2,Referral,Basic,1,2900
C0247,2025-02,2025-05,3,Referral,Basic,1,2900
C0247,2025-02,2025-06,4,Referral,Basic,1,2900
C0247,2025-02,2025-07,5,Referral,Basic,1,2900
C0247,2025-02,2025-08,6,Referral,Basic,1,2900
C0247,2025-02,2025-09,7,Referral,Basic,1,2900
C0247,2025-02,2025-10,8,Referral,Basic,1,2900
C0247,2025-02,2025-11,9,Referral,Basic,1,2900
C0247,2025-02,2025-12,10,Referral,Basic,1,2900
C0248,2025-05,2025-05,0,Paid,Basic,1,2900
C0248,2025-05,2025-06,1,Paid,Basic,0,0
C0248,2025-05,2025-07,2,Paid,Basic,0,0
C0248,2025-05,2025-08,3,Paid,Basic,0,0
C0248,2025-05,2025-09,4,Paid,Basic,0,0
C0248,2025-05,2025-10,5,Paid,Basic,0,0
C0248,2025-05,2025-11,6,Paid,Basic,0,0
C0248,2025-05,2025-12,7,Paid,Basic,0,0
C0249,2025-05,2025-05,0,Paid,Pro,1,7900
C0249,2025-05,2025-06,1,Paid,Pro,1,7900
C0249,2025-05,2025-07,2,Paid,Pro,1,7900
C0249,2025-05,2025-08,3,Paid,Pro,1,7900
C0249,2025-05,2025-09,4,Paid,Pro,1,7900
C0249,2025-05,2025-10,5,Paid,Pro,1,7900
C0249,2025-05,2025-11,6,Paid,Pro,1,7900
C0249,2025-05,2025-12,7,Paid,Pro,0,0
C0250,2025-04,2025-04,0,Paid,Pro,1,7900
C0250,2025-04,2025-05,1,Paid,Pro,0,0
C0250,2025-04,2025-06,2,Paid,Pro,0,0
C0250,2025-04,2025-07,3,Paid,Pro,0,0
C0250,2025-04,2025-08,4,Paid,Pro,0,0
C0250,2025-04,2025-09,5,Paid,Pro,0,0
C0250,2025-04,2025-10,6,Paid,Pro,0,0
C0250,2025-04,2025-11,7,Paid,Pro,0,0
C0250,2025-04,2025-12,8,Paid,Pro,0,0
C0251,2025-03,2025-03,0,Paid,Basic,1,2900
C0251,2025-03,2025-04,1,Paid,Basic,1,2900
C0251,2025-03,2025-05,2,Paid,Basic,1,2900
C0251,2025-03,2025-06,3,Paid,Basic,1,2900
C0251,2025-03,2025-07,4,Paid,Basic,1,2900
C0251,2025-03,2025-08,5,Paid,Basic,1,2900
C0251,2025-03,2025-09,6,Paid,Basic,1,2900
C0251,2025-03,2025-10,7,Paid,Basic,1,2900
C0251,2025-03,2025-11,8,Paid,Basic,1,2900
C0251,2025-03,2025-12,9,Paid,Basic,0,0
C0252,2025-05,2025-05,0,Organic,Basic,1,2900
C0252,2025-05,2025-06,1,Organic,Basic,1,2900
C0252,2025-05,2025-07,2,Organic,Basic,0,0
C0252,2025-05,2025-08,3,Organic,Basic,0,0
C0252,2025-05,2025-09,4,Organic,Basic,0,0
C0252,2025-05,2025-10,5,Organic,Basic,0,0
C0252,2025-05,2025-11,6,Organic,Basic,0,0
C0252,2025-05,2025-12,7,Organic,Basic,0,0
C0253,2025-05,2025-05,0,Organic,Pro,1,7900
C0253,2025-05,2025-06,1,Organic,Pro,1,7900
C0253,2025-05,2025-07,2,Organic,Pro,1,7900
C0253,2025-05,2025-08,3,Organic,Pro,1,7900
C0253,2025-05,2025-09,4,Organic,Pro,1,7900
C0253,2025-05,2025-10,5,Organic,Pro,1,7900
C0253,2025-05,2025-11,6,Organic,Pro,0,0
C0253,2025-05,2025-12,7,Organic,Pro,0,0
C0254,2025-06,2025-06,0,Paid,Pro,1,7900
C0254,2025-06,2025-07,1,Paid,Pro,1,7900
C0254,2025-06,2025-08,2,Paid,Pro,1,7900
C0254,2025-06,2025-09,3,Paid,Pro,1,7900
C0254,2025-06,2025-10,4,Paid,Pro,1,7900
C0254,2025-06,2025-11,5,Paid,Pro,1,7900
C0254,2025-06,2025-12,6,Paid,Pro,1,7900
C0255,2025-01,2025-01,0,Referral,Basic,1,2900
C0255,2025-01,2025-02,1,Referral,Basic,1,2900
C0255,2025-01,2025-03,2,Referral,Basic,1,2900
C0255,2025-01,2025-04,3,Referral,Basic,1,2900
C0255,2025-01,2025-05,4,Referral,Basic,1,2900
C0255,2025-01,2025-06,5,Referral,Basic,1,2900
C0255,2025-01,2025-07,6,Referral,Basic,1,2900
C0255,2025-01,2025-08,7,Referral,Basic,1,2900
C0255,2025-01,2025-09,8,Referral,Basic,1,2900
C0255,2025-01,2025-10,9,Referral,Basic,1,2900
C0255,2025-01,2025-11,10,Referral,Basic,1,2900
C0255,2025-01,2025-12,11,Referral,Basic,1,2900
C0256,2025-04,2025-04,0,Referral,Basic,1,2900
C0256,2025-04,2025-05,1,Referral,Basic,1,2900
C0256,2025-04,2025-06,2,Referral,Basic,1,2900
C0256,2025-04,2025-07,3,Referral,Basic,1,2900
C0256,2025-04,2025-08,4,Referral,Basic,1,2900
C0256,2025-04,2025-09,5,Referral,Basic,1,2900
C0256,2025-04,2025-10,6,Referral,Basic,1,2900
C0256,2025-04,2025-11,7,Referral,Basic,1,2900
C0256,2025-04,2025-12,8,Referral,Basic,1,2900
C0257,2025-02,2025-02,0,Referral,Pro,1,7900
C0257,2025-02,2025-03,1,Referral,Pro,1,7900
C0257,2025-02,2025-04,2,Referral,Pro,1,7900
C0257,2025-02,2025-05,3,Referral,Pro,1,7900
C0257,2025-02,2025-06,4,Referral,Pro,1,7900
C0257,2025-02,2025-07,5,Referral,Pro,1,7900
C0257,2025-02,2025-08,6,Referral,Pro,1,7900
C0257,2025-02,2025-09,7,Referral,Pro,1,7900
C0257,2025-02,2025-10,8,Referral,Pro,1,7900
C0257,2025-02,2025-11,9,Referral,Pro,1,7900
C0257,2025-02,2025-12,10,Referral,Pro,1,7900
C0258,2025-04,2025-04,0,Organic,Pro,1,7900
C0258,2025-04,2025-05,1,Organic,Pro,1,7900
C0258,2025-04,2025-06,2,Organic,Pro,1,7900
C0258,2025-04,2025-07,3,Organic,Pro,1,7900
C0258,2025-04,2025-08,4,Organic,Pro,1,7900
C0258,2025-04,2025-09,5,Organic,Pro,1,7900
C0258,2025-04,2025-10,6,Organic,Pro,1,7900
C0258,2025-04,2025-11,7,Organic,Pro,1,7900
C0258,2025-04,2025-12,8,Organic,Pro,1,7900
C0259,2025-04,2025-04,0,Paid,Basic,1,2900
C0259,2025-04,2025-05,1,Paid,Basic,1,2900
C0259,2025-04,2025-06,2,Paid,Basic,1,2900
C0259,2025-04,2025-07,3,Paid,Basic,1,2900
C0259,2025-04,2025-08,4,Paid,Basic,0,0
C0259,2025-04,2025-09,5,Paid,Basic,0,0
C0259,2025-04,2025-10,6,Paid,Basic,0,0
C0259,2025-04,2025-11,7,Paid,Basic,0,0
C0259,2025-04,2025-12,8,Paid,Basic,0,0
C0260,2025-03,2025-03,0,Organic,Basic,1,2900
C0260,2025-03,2025-04,1,Organic,Basic,1,2900
C0260,2025-03,2025-05,2,Organic,Basic,1,2900
C0260,2025-03,2025-06,3,Organic,Basic,1,2900
C0260,2025-03,2025-07,4,Organic,Basic,1,2900
C0260,2025-03,2025-08,5,Organic,Basic,1,2900
C0260,2025-03,2025-09,6,Organic,Basic,1,2900
C0260,2025-03,2025-10,7,Organic,Basic,1,2900
C0260,2025-03,2025-11,8,Organic,Basic,1,2900
C0260,2025-03,2025-12,9,Organic,Basic,1,2900
C0261,2025-04,2025-04,0,Organic,Basic,1,2900
C0261,2025-04,2025-05,1,Organic,Basic,1,2900
C0261,2025-04,2025-06,2,Organic,Basic,1,2900
C0261,2025-04,2025-07,3,Organic,Basic,1,2900
C0261,2025-04,2025-08,4,Organic,Basic,1,2900
C0261,2025-04,2025-09,5,Organic,Basic,1,2900
C0261,2025-04,2025-10,6,Organic,Basic,1,2900
C0261,2025-04,2025-11,7,Organic,Basic,1,2900
C0261,2025-04,2025-12,8,Organic,Basic,1,2900
C0262,2025-04,2025-04,0,Referral,Basic,1,2900
C0262,2025-04,2025-05,1,Referral,Basic,1,2900
C0262,2025-04,2025-06,2,Referral,Basic,1,2900
C0262,2025-04,2025-07,3,Referral,Basic,1,2900
C0262,2025-04,2025-08,4,Referral,Basic,1,2900
C0262,2025-04,2025-09,5,Referral,Basic,1,2900
C0262,2025-04,2025-10,6,Referral,Basic,1,2900
C0262,2025-04,2025-11,7,Referral,Basic,1,2900
C0262,2025-04,2025-12,8,Referral,Basic,1,2900
C0263,2025-01,2025-01,0,Paid,Pro,1,7900
C0263,2025-01,2025-02,1,Paid,Pro,1,7900
C0263,2025-01,2025-03,2,Paid,Pro,1,7900
C0263,2025-01,2025-04,3,Paid,Pro,1,7900
C0263,2025-01,2025-05,4,Paid,Pro,1,7900
C0263,2025-01,2025-06,5,Paid,Pro,1,7900
C0263,2025-01,2025-07,6,Paid,Pro,1,7900
C0263,2025-01,2025-08,7,Paid,Pro,1,7900
C0263,2025-01,2025-09,8,Paid,Pro,1,7900
C0263,2025-01,2025-10,9,Paid,Pro,1,7900
C0263,2025-01,2025-11,10,Paid,Pro,1,7900
C0263,2025-01,2025-12,11,Paid,Pro,1,7900
C0264,2025-03,2025-03,0,Organic,Basic,1,2900
C0264,2025-03,2025-04,1,Organic,Basic,1,2900
C0264,2025-03,2025-05,2,Organic,Basic,1,2900
C0264,2025-03,2025-06,3,Organic,Basic,1,2900
C0264,2025-03,2025-07,4,Organic,Basic,1,2900
C0264,2025-03,2025-08,5,Organic,Basic,1,2900
C0264,2025-03,2025-09,6,Organic,Basic,1,2900
C0264,2025-03,2025-10,7,Organic,Basic,0,0
C0264,2025-03,2025-11,8,Organic,Basic,0,0
C0264,2025-03,2025-12,9,Organic,Basic,0,0
C0265,2025-05,2025-05,0,Referral,Basic,1,2900
C0265,2025-05,2025-06,1,Referral,Basic,1,2900
C0265,2025-05,2025-07,2,Referral,Basic,1,2900
C0265,2025-05,2025-08,3,Referral,Basic,1,2900
C0265,2025-05,2025-09,4,Referral,Basic,1,2900
C0265,2025-05,2025-10,5,Referral,Basic,1,2900
C0265,2025-05,2025-11,6,Referral,Basic,1,2900
C0265,2025-05,2025-12,7,Referral,Basic,1,2900
C0266,2025-05,2025-05,0,Organic,Pro,1,7900
C0266,2025-05,2025-06,1,Organic,Pro,1,7900
C0266,2025-05,2025-07,2,Organic,Pro,1,7900
C0266,2025-05,2025-08,3,Organic,Pro,1,7900
C0266,2025-05,2025-09,4,Organic,Pro,1,7900
C0266,2025-05,2025-10,5,Organic,Pro,1,7900
C0266,2025-05,2025-11,6,Organic,Pro,1,7900
C0266,2025-05,2025-12,7,Organic,Pro,1,7900
C0267,2025-01,2025-01,0,Referral,Pro,1,7900
C0267,2025-01,2025-02,1,Referral,Pro,1,7900
C0267,2025-01,2025-03,2,Referral,Pro,1,7900
C0267,2025-01,2025-04,3,Referral,Pro,1,7900
C0267,2025-01,2025-05,4,Referral,Pro,1,7900
C0267,2025-01,2025-06,5,Referral,Pro,1,7900
C0267,2025-01,2025-07,6,Referral,Pro,1,7900
C0267,2025-01,2025-08,7,Referral,Pro,1,7900
C0267,2025-01,2025-09,8,Referral,Pro,1,7900
C0267,2025-01,2025-10,9,Referral,Pro,0,0
C0267,2025-01,2025-11,10,Referral,Pro,0,0
C0267,2025-01,2025-12,11,Referral,Pro,0,0
C0268,2025-05,2025-05,0,Organic,Basic,1,2900
C0268,2025-05,2025-06,1,Organic,Basic,0,0
C0268,2025-05,2025-07,2,Organic,Basic,0,0
C0268,2025-05,2025-08,3,Organic,Basic,0,0
C0268,2025-05,2025-09,4,Organic,Basic,0,0
C0268,2025-05,2025-10,5,Organic,Basic,0,0
C0268,2025-05,2025-11,6,Organic,Basic,0,0
C0268,2025-05,2025-12,7,Organic,Basic,0,0
C0269,2025-06,2025-06,0,Paid,Basic,1,2900
C0269,2025-06,2025-07,1,Paid,Basic,1,2900
C0269,2025-06,2025-08,2,Paid,Basic,1,2900
C0269,2025-06,2025-09,3,Paid,Basic,1,2900
C0269,2025-06,2025-10,4,Paid,Basic,1,2900
C0269,2025-06,2025-11,5,Paid,Basic,1,2900
C0269,2025-06,2025-12,6,Paid,Basic,1,2900
C0270,2025-01,2025-01,0,Referral,Basic,1,2900
C0270,2025-01,2025-02,1,Referral,Basic,1,2900
C0270,2025-01,2025-03,2,Referral,Basic,1,2900
C0270,2025-01,2025-04,3,Referral,Basic,1,2900
C0270,2025-01,2025-05,4,Referral,Basic,1,2900
C0270,2025-01,2025-06,5,Referral,Basic,1,2900
C0270,2025-01,2025-07,6,Referral,Basic,1,2900
C0270,2025-01,2025-08,7,Referral,Basic,1,2900
C0270,2025-01,2025-09,8,Referral,Basic,1,2900
C0270,2025-01,2025-10,9,Referral,Basic,1,2900
C0270,2025-01,2025-11,10,Referral,Basic,1,2900
C0270,2025-01,2025-12,11,Referral,Basic,1,2900
C0271,2025-03,2025-03,0,Organic,Pro,1,7900
C0271,2025-03,2025-04,1,Organic,Pro,1,7900
C0271,2025-03,2025-05,2,Organic,Pro,1,7900
C0271,2025-03,2025-06,3,Organic,Pro,1,7900
C0271,2025-03,2025-07,4,Organic,Pro,1,7900
C0271,2025-03,2025-08,5,Organic,Pro,1,7900
C0271,2025-03,2025-09,6,Organic,Pro,1,7900
C0271,2025-03,2025-10,7,Organic,Pro,1,7900
C0271,2025-03,2025-11,8,Organic,Pro,1,7900
C0271,2025-03,2025-12,9,Organic,Pro,1,7900
C0272,2025-01,2025-01,0,Organic,Basic,1,2900
C0272,2025-01,2025-02,1,Organic,Basic,1,2900
C0272,2025-01,2025-03,2,Organic,Basic,1,2900
C0272,2025-01,2025-04,3,Organic,Basic,1,2900
C0272,2025-01,2025-05,4,Organic,Basic,0,0
C0272,2025-01,2025-06,5,Organic,Basic,0,0
C0272,2025-01,2025-07,6,Organic,Basic,0,0
C0272,2025-01,2025-08,7,Organic,Basic,0,0
C0272,2025-01,2025-09,8,Organic,Basic,0,0
C0272,2025-01,2025-10,9,Organic,Basic,0,0
C0272,2025-01,2025-11,10,Organic,Basic,0,0
C0272,2025-01,2025-12,11,Organic,Basic,0,0
C0273,2025-03,2025-03,0,Paid,Basic,1,2900
C0273,2025-03,2025-04,1,Paid,Basic,1,2900
C0273,2025-03,2025-05,2,Paid,Basic,1,2900
C0273,2025-03,2025-06,3,Paid,Basic,1,2900
C0273,2025-03,2025-07,4,Paid,Basic,1,2900
C0273,2025-03,2025-08,5,Paid,Basic,1,2900
C0273,2025-03,2025-09,6,Paid,Basic,1,2900
C0273,2025-03,2025-10,7,Paid,Basic,1,2900
C0273,2025-03,2025-11,8,Paid,Basic,1,2900
C0273,2025-03,2025-12,9,Paid,Basic,1,2900
C0274,2025-02,2025-02,0,Paid,Pro,1,7900
C0274,2025-02,2025-03,1,Paid,Pro,1,7900
C0274,2025-02,2025-04,2,Paid,Pro,1,7900
C0274,2025-02,2025-05,3,Paid,Pro,1,7900
C0274,2025-02,2025-06,4,Paid,Pro,1,7900
C0274,2025-02,2025-07,5,Paid,Pro,0,0
C0274,2025-02,2025-08,6,Paid,Pro,0,0
C0274,2025-02,2025-09,7,Paid,Pro,0,0
C0274,2025-02,2025-10,8,Paid,Pro,0,0
C0274,2025-02,2025-11,9,Paid,Pro,0,0
C0274,2025-02,2025-12,10,Paid,Pro,0,0
C0275,2025-01,2025-01,0,Paid,Basic,1,2900
C0275,2025-01,2025-02,1,Paid,Basic,1,2900
C0275,2025-01,2025-03,2,Paid,Basic,1,2900
C0275,2025-01,2025-04,3,Paid,Basic,1,2900
C0275,2025-01,2025-05,4,Paid,Basic,1,2900
C0275,2025-01,2025-06,5,Paid,Basic,1,2900
C0275,2025-01,2025-07,6,Paid,Basic,1,2900
C0275,2025-01,2025-08,7,Paid,Basic,1,2900
C0275,2025-01,2025-09,8,Paid,Basic,0,0
C0275,2025-01,2025-10,9,Paid,Basic,0,0
C0275,2025-01,2025-11,10,Paid,Basic,0,0
C0275,2025-01,2025-12,11,Paid,Basic,0,0
C0276,2025-03,2025-03,0,Paid,Basic,1,2900
C0276,2025-03,2025-04,1,Paid,Basic,0,0
C0276,2025-03,2025-05,2,Paid,Basic,0,0
C0276,2025-03,2025-06,3,Paid,Basic,0,0
C0276,2025-03,2025-07,4,Paid,Basic,0,0
C0276,2025-03,2025-08,5,Paid,Basic,0,0
C0276,2025-03,2025-09,6,Paid,Basic,0,0
C0276,2025-03,2025-10,7,Paid,Basic,0,0
C0276,2025-03,2025-11,8,Paid,Basic,0,0
C0276,2025-03,2025-12,9,Paid,Basic,0,0
C0277,2025-04,2025-04,0,Referral,Basic,1,2900
C0277,2025-04,2025-05,1,Referral,Basic,1,2900
C0277,2025-04,2025-06,2,Referral,Basic,1,2900
C0277,2025-04,2025-07,3,Referral,Basic,1,2900
C0277,2025-04,2025-08,4,Referral,Basic,1,2900
C0277,2025-04,2025-09,5,Referral,Basic,1,2900
C0277,2025-04,2025-10,6,Referral,Basic,1,2900
C0277,2025-04,2025-11,7,Referral,Basic,1,2900
C0277,2025-04,2025-12,8,Referral,Basic,1,2900
C0278,2025-01,2025-01,0,Referral,Pro,1,7900
C0278,2025-01,2025-02,1,Referral,Pro,0,0
C0278,2025-01,2025-03,2,Referral,Pro,0,0
C0278,2025-01,2025-04,3,Referral,Pro,0,0
C0278,2025-01,2025-05,4,Referral,Pro,0,0
C0278,2025-01,2025-06,5,Referral,Pro,0,0
C0278,2025-01,2025-07,6,Referral,Pro,0,0
C0278,2025-01,2025-08,7,Referral,Pro,0,0
C0278,2025-01,2025-09,8,Referral,Pro,0,0
C0278,2025-01,2025-10,9,Referral,Pro,0,0
C0278,2025-01,2025-11,10,Referral,Pro,0,0
C0278,2025-01,2025-12,11,Referral,Pro,0,0
C0279,2025-04,2025-04,0,Organic,Basic,1,2900
C0279,2025-04,2025-05,1,Organic,Basic,1,2900
C0279,2025-04,2025-06,2,Organic,Basic,1,2900
C0279,2025-04,2025-07,3,Organic,Basic,0,0
C0279,2025-04,2025-08,4,Organic,Basic,0,0
C0279,2025-04,2025-09,5,Organic,Basic,0,0
C0279,2025-04,2025-10,6,Organic,Basic,0,0
C0279,2025-04,2025-11,7,Organic,Basic,0,0
C0279,2025-04,2025-12,8,Organic,Basic,0,0
C0280,2025-04,2025-04,0,Referral,Pro,1,7900
C0280,2025-04,2025-05,1,Referral,Pro,0,0
C0280,2025-04,2025-06,2,Referral,Pro,0,0
C0280,2025-04,2025-07,3,Referral,Pro,0,0
C0280,2025-04,2025-08,4,Referral,Pro,0,0
C0280,2025-04,2025-09,5,Referral,Pro,0,0
C0280,2025-04,2025-10,6,Referral,Pro,0,0
C0280,2025-04,2025-11,7,Referral,Pro,0,0
C0280,2025-04,2025-12,8,Referral,Pro,0,0
C0281,2025-06,2025-06,0,Paid,Pro,1,7900
C0281,2025-06,2025-07,1,Paid,Pro,1,7900
C0281,2025-06,2025-08,2,Paid,Pro,1,7900
C0281,2025-06,2025-09,3,Paid,Pro,1,7900
C0281,2025-06,2025-10,4,Paid,Pro,1,7900
C0281,2025-06,2025-11,5,Paid,Pro,1,7900
C0281,2025-06,2025-12,6,Paid,Pro,1,7900
C0282,2025-01,2025-01,0,Organic,Pro,1,7900
C0282,2025-01,2025-02,1,Organic,Pro,1,7900
C0282,2025-01,2025-03,2,Organic,Pro,1,7900
C0282,2025-01,2025-04,3,Organic,Pro,1,7900
C0282,2025-01,2025-05,4,Organic,Pro,1,7900
C0282,2025-01,2025-06,5,Organic,Pro,1,7900
C0282,2025-01,2025-07,6,Organic,Pro,1,7900
C0282,2025-01,2025-08,7,Organic,Pro,1,7900
C0282,2025-01,2025-09,8,Organic,Pro,1,7900
C0282,2025-01,2025-10,9,Organic,Pro,1,7900
C0282,2025-01,2025-11,10,Organic,Pro,1,7900
C0282,2025-01,2025-12,11,Organic,Pro,1,7900
C0283,2025-01,2025-01,0,Paid,Basic,1,2900
C0283,2025-01,2025-02,1,Paid,Basic,1,2900
C0283,2025-01,2025-03,2,Paid,Basic,1,2900
C0283,2025-01,2025-04,3,Paid,Basic,1,2900
C0283,2025-01,2025-05,4,Paid,Basic,1,2900
C0283,2025-01,2025-06,5,Paid,Basic,1,2900
C0283,2025-01,2025-07,6,Paid,Basic,1,2900
C0283,2025-01,2025-08,7,Paid,Basic,1,2900
C0283,2025-01,2025-09,8,Paid,Basic,1,2900
C0283,2025-01,2025-10,9,Paid,Basic,1,2900
C0283,2025-01,2025-11,10,Paid,Basic,1,2900
C0283,2025-01,2025-12,11,Paid,Basic,0,0
C0284,2025-06,2025-06,0,Referral,Pro,1,7900
C0284,2025-06,2025-07,1,Referral,Pro,1,7900
C0284,2025-06,2025-08,2,Referral,Pro,1,7900
C0284,2025-06,2025-09,3,Referral,Pro,1,7900
C0284,2025-06,2025-10,4,Referral,Pro,1,7900
C0284,2025-06,2025-11,5,Referral,Pro,1,7900
C0284,2025-06,2025-12,6,Referral,Pro,1,7900
C0285,2025-01,2025-01,0,Paid,Pro,1,7900
C0285,2025-01,2025-02,1,Paid,Pro,1,7900
C0285,2025-01,2025-03,2,Paid,Pro,1,7900
C0285,2025-01,2025-04,3,Paid,Pro,1,7900
C0285,2025-01,2025-05,4,Paid,Pro,0,0
C0285,2025-01,2025-06,5,Paid,Pro,0,0
C0285,2025-01,2025-07,6,Paid,Pro,0,0
C0285,2025-01,2025-08,7,Paid,Pro,0,0
C0285,2025-01,2025-09,8,Paid,Pro,0,0
C0285,2025-01,2025-10,9,Paid,Pro,0,0
C0285,2025-01,2025-11,10,Paid,Pro,0,0
C0285,2025-01,2025-12,11,Paid,Pro,0,0
C0286,2025-01,2025-01,0,Referral,Basic,1,2900
C0286,2025-01,2025-02,1,Referral,Basic,1,2900
C0286,2025-01,2025-03,2,Referral,Basic,1,2900
C0286,2025-01,2025-04,3,Referral,Basic,1,2900
C0286,2025-01,2025-05,4,Referral,Basic,1,2900
C0286,2025-01,2025-06,5,Referral,Basic,1,2900
C0286,2025-01,2025-07,6,Referral,Basic,1,2900
C0286,2025-01,2025-08,7,Referral,Basic,1,2900
C0286,2025-01,2025-09,8,Referral,Basic,1,2900
C0286,2025-01,2025-10,9,Referral,Basic,1,2900
C0286,2025-01,2025-11,10,Referral,Basic,1,2900
C0286,2025-01,2025-12,11,Referral,Basic,1,2900
C0287,2025-01,2025-01,0,Referral,Basic,1,2900
C0287,2025-01,2025-02,1,Referral,Basic,1,2900
C0287,2025-01,2025-03,2,Referral,Basic,1,2900
C0287,2025-01,2025-04,3,Referral,Basic,1,2900
C0287,2025-01,2025-05,4,Referral,Basic,1,2900
C0287,2025-01,2025-06,5,Referral,Basic,1,2900
C0287,2025-01,2025-07,6,Referral,Basic,1,2900
C0287,2025-01,2025-08,7,Referral,Basic,1,2900
C0287,2025-01,2025-09,8,Referral,Basic,1,2900
C0287,2025-01,2025-10,9,Referral,Basic,1,2900
C0287,2025-01,2025-11,10,Referral,Basic,1,2900
C0287,2025-01,2025-12,11,Referral,Basic,0,0
C0288,2025-06,2025-06,0,Organic,Pro,1,7900
C0288,2025-06,2025-07,1,Organic,Pro,1,7900
C0288,2025-06,2025-08,2,Organic,Pro,1,7900
C0288,2025-06,2025-09,3,Organic,Pro,1,7900
C0288,2025-06,2025-10,4,Organic,Pro,1,7900
C0288,2025-06,2025-11,5,Organic,Pro,1,7900
C0288,2025-06,2025-12,6,Organic,Pro,1,7900
C0289,2025-05,2025-05,0,Organic,Basic,1,2900
C0289,2025-05,2025-06,1,Organic,Basic,0,0
C0289,2025-05,2025-07,2,Organic,Basic,0,0
C0289,2025-05,2025-08,3,Organic,Basic,0,0
C0289,2025-05,2025-09,4,Organic,Basic,0,0
C0289,2025-05,2025-10,5,Organic,Basic,0,0
C0289,2025-05,2025-11,6,Organic,Basic,0,0
C0289,2025-05,2025-12,7,Organic,Basic,0,0
C0290,2025-05,2025-05,0,Paid,Pro,1,7900
C0290,2025-05,2025-06,1,Paid,Pro,1,7900
C0290,2025-05,2025-07,2,Paid,Pro,1,7900
C0290,2025-05,2025-08,3,Paid,Pro,1,7900
C0290,2025-05,2025-09,4,Paid,Pro,1,7900
C0290,2025-05,2025-10,5,Paid,Pro,1,7900
C0290,2025-05,2025-11,6,Paid,Pro,1,7900
C0290,2025-05,2025-12,7,Paid,Pro,1,7900
C0291,2025-02,2025-02,0,Paid,Basic,1,2900
C0291,2025-02,2025-03,1,Paid,Basic,1,2900
C0291,2025-02,2025-04,2,Paid,Basic,1,2900
C0291,2025-02,2025-05,3,Paid,Basic,1,2900
C0291,2025-02,2025-06,4,Paid,Basic,1,2900
C0291,2025-02,2025-07,5,Paid,Basic,1,2900
C0291,2025-02,2025-08,6,Paid,Basic,1,2900
C0291,2025-02,2025-09,7,Paid,Basic,1,2900
C0291,2025-02,2025-10,8,Paid,Basic,1,2900
C0291,2025-02,2025-11,9,Paid,Basic,1,2900
C0291,2025-02,2025-12,10,Paid,Basic,1,2900
C0292,2025-04,2025-04,0,Paid,Basic,1,2900
C0292,2025-04,2025-05,1,Paid,Basic,1,2900
C0292,2025-04,2025-06,2,Paid,Basic,1,2900
C0292,2025-04,2025-07,3,Paid,Basic,1,2900
C0292,2025-04,2025-08,4,Paid,Basic,1,2900
C0292,2025-04,2025-09,5,Paid,Basic,1,2900
C0292,2025-04,2025-10,6,Paid,Basic,0,0
C0292,2025-04,2025-11,7,Paid,Basic,0,0
C0292,2025-04,2025-12,8,Paid,Basic,0,0
C0293,2025-02,2025-02,0,Referral,Pro,1,7900
C0293,2025-02,2025-03,1,Referral,Pro,1,7900
C0293,2025-02,2025-04,2,Referral,Pro,1,7900
C0293,2025-02,2025-05,3,Referral,Pro,1,7900
C0293,2025-02,2025-06,4,Referral,Pro,1,7900
C0293,2025-02,2025-07,5,Referral,Pro,1,7900
C0293,2025-02,2025-08,6,Referral,Pro,1,7900
C0293,2025-02,2025-09,7,Referral,Pro,1,7900
C0293,2025-02,2025-10,8,Referral,Pro,1,7900
C0293,2025-02,2025-11,9,Referral,Pro,1,7900
C0293,2025-02,2025-12,10,Referral,Pro,1,7900
C0294,2025-03,2025-03,0,Referral,Basic,1,2900
C0294,2025-03,2025-04,1,Referral,Basic,1,2900
C0294,2025-03,2025-05,2,Referral,Basic,1,2900
C0294,2025-03,2025-06,3,Referral,Basic,1,2900
C0294,2025-03,2025-07,4,Referral,Basic,1,2900
C0294,2025-03,2025-08,5,Referral,Basic,1,2900
C0294,2025-03,2025-09,6,Referral,Basic,1,2900
C0294,2025-03,2025-10,7,Referral,Basic,1,2900
C0294,2025-03,2025-11,8,Referral,Basic,1,2900
C0294,2025-03,2025-12,9,Referral,Basic,1,2900
C0295,2025-01,2025-01,0,Organic,Basic,1,2900
C0295,2025-01,2025-02,1,Organic,Basic,1,2900
C0295,2025-01,2025-03,2,Organic,Basic,1,2900
C0295,2025-01,2025-04,3,Organic,Basic,1,2900
C0295,2025-01,2025-05,4,Organic,Basic,1,2900
C0295,2025-01,2025-06,5,Organic,Basic,1,2900
C0295,2025-01,2025-07,6,Organic,Basic,1,2900
C0295,2025-01,2025-08,7,Organic,Basic,1,2900
C0295,2025-01,2025-09,8,Organic,Basic,0,0
C0295,2025-01,2025-10,9,Organic,Basic,0,0
C0295,2025-01,2025-11,10,Organic,Basic,0,0
C0295,2025-01,2025-12,11,Organic,Basic,0,0
C0296,2025-06,2025-06,0,Referral,Pro,1,7900
C0296,2025-06,2025-07,1,Referral,Pro,1,7900
C0296,2025-06,2025-08,2,Referral,Pro,1,7900
C0296,2025-06,2025-09,3,Referral,Pro,1,7900
C0296,2025-06,2025-10,4,Referral,Pro,1,7900
C0296,2025-06,2025-11,5,Referral,Pro,1,7900
C0296,2025-06,2025-12,6,Referral,Pro,1,7900
C0297,2025-06,2025-06,0,Organic,Basic,1,2900
C0297,2025-06,2025-07,1,Organic,Basic,1,2900
C0297,2025-06,2025-08,2,Organic,Basic,1,2900
C0297,2025-06,2025-09,3,Organic,Basic,1,2900
C0297,2025-06,2025-10,4,Organic,Basic,1,2900
C0297,2025-06,2025-11,5,Organic,Basic,0,0
C0297,2025-06,2025-12,6,Organic,Basic,0,0
C0298,2025-01,2025-01,0,Organic,Basic,1,2900
C0298,2025-01,2025-02,1,Organic,Basic,1,2900
C0298,2025-01,2025-03,2,Organic,Basic,1,2900
C0298,2025-01,2025-04,3,Organic,Basic,1,2900
C0298,2025-01,2025-05,4,Organic,Basic,1,2900
C0298,2025-01,2025-06,5,Organic,Basic,1,2900
C0298,2025-01,2025-07,6,Organic,Basic,1,2900
C0298,2025-01,2025-08,7,Organic,Basic,1,2900
C0298,2025-01,2025-09,8,Organic,Basic,1,2900
C0298,2025-01,2025-10,9,Organic,Basic,0,0
C0298,2025-01,2025-11,10,Organic,Basic,0,0
C0298,2025-01,2025-12,11,Organic,Basic,0,0
C0299,2025-05,2025-05,0,Paid,Pro,1,7900
C0299,2025-05,2025-06,1,Paid,Pro,1,7900
C0299,2025-05,2025-07,2,Paid,Pro,1,7900
C0299,2025-05,2025-08,3,Paid,Pro,1,7900
C0299,2025-05,2025-09,4,Paid,Pro,0,0
C0299,2025-05,2025-10,5,Paid,Pro,0,0
C0299,2025-05,2025-11,6,Paid,Pro,0,0
C0299,2025-05,2025-12,7,Paid,Pro,0,0
C0300,2025-06,2025-06,0,Paid,Basic,1,2900
C0300,2025-06,2025-07,1,Paid,Basic,1,2900
C0300,2025-06,2025-08,2,Paid,Basic,1,2900
C0300,2025-06,2025-09,3,Paid,Basic,1,2900
C0300,2025-06,2025-10,4,Paid,Basic,0,0
C0300,2025-06,2025-11,5,Paid,Basic,0,0
C0300,2025-06,2025-12,6,Paid,Basic,0,0
C0301,2025-03,2025-03,0,Organic,Basic,1,2900
C0301,2025-03,2025-04,1,Organic,Basic,1,2900
C0301,2025-03,2025-05,2,Organic,Basic,1,2900
C0301,2025-03,2025-06,3,Organic,Basic,1,2900
C0301,2025-03,2025-07,4,Organic,Basic,1,2900
C0301,2025-03,2025-08,5,Organic,Basic,1,2900
C0301,2025-03,2025-09,6,Organic,Basic,1,2900
C0301,2025-03,2025-10,7,Organic,Basic,1,2900
C0301,2025-03,2025-11,8,Organic,Basic,1,2900
C0301,2025-03,2025-12,9,Organic,Basic,1,2900
C0302,2025-03,2025-03,0,Paid,Basic,1,2900
C0302,2025-03,2025-04,1,Paid,Basic,0,0
C0302,2025-03,2025-05,2,Paid,Basic,0,0
C0302,2025-03,2025-06,3,Paid,Basic,0,0
C0302,2025-03,2025-07,4,Paid,Basic,0,0
C0302,2025-03,2025-08,5,Paid,Basic,0,0
C0302,2025-03,2025-09,6,Paid,Basic,0,0
C0302,2025-03,2025-10,7,Paid,Basic,0,0
C0302,2025-03,2025-11,8,Paid,Basic,0,0
C0302,2025-03,2025-12,9,Paid,Basic,0,0
C0303,2025-06,2025-06,0,Referral,Pro,1,7900
C0303,2025-06,2025-07,1,Referral,Pro,1,7900
C0303,2025-06,2025-08,2,Referral,Pro,1,7900
C0303,2025-06,2025-09,3,Referral,Pro,1,7900
C0303,2025-06,2025-10,4,Referral,Pro,1,7900
C0303,2025-06,2025-11,5,Referral,Pro,1,7900
C0303,2025-06,2025-12,6,Referral,Pro,1,7900
C0304,2025-01,2025-01,0,Referral,Basic,1,2900
C0304,2025-01,2025-02,1,Referral,Basic,1,2900
C0304,2025-01,2025-03,2,Referral,Basic,1,2900
C0304,2025-01,2025-04,3,Referral,Basic,1,2900
C0304,2025-01,2025-05,4,Referral,Basic,1,2900
C0304,2025-01,2025-06,5,Referral,Basic,1,2900
C0304,2025-01,2025-07,6,Referral,Basic,1,2900
C0304,2025-01,2025-08,7,Referral,Basic,1,2900
C0304,2025-01,2025-09,8,Referral,Basic,1,2900
C0304,2025-01,2025-10,9,Referral,Basic,1,2900
C0304,2025-01,2025-11,10,Referral,Basic,1,2900
C0304,2025-01,2025-12,11,Referral,Basic,1,2900
C0305,2025-04,2025-04,0,Paid,Pro,1,7900
C0305,2025-04,2025-05,1,Paid,Pro,1,7900
C0305,2025-04,2025-06,2,Paid,Pro,1,7900
C0305,2025-04,2025-07,3,Paid,Pro,1,7900
C0305,2025-04,2025-08,4,Paid,Pro,1,7900
C0305,2025-04,2025-09,5,Paid,Pro,0,0
C0305,2025-04,2025-10,6,Paid,Pro,0,0
C0305,2025-04,2025-11,7,Paid,Pro,0,0
C0305,2025-04,2025-12,8,Paid,Pro,0,0
C0306,2025-02,2025-02,0,Organic,Pro,1,7900
C0306,2025-02,2025-03,1,Organic,Pro,1,7900
C0306,2025-02,2025-04,2,Organic,Pro,1,7900
C0306,2025-02,2025-05,3,Organic,Pro,1,7900
C0306,2025-02,2025-06,4,Organic,Pro,1,7900
C0306,2025-02,2025-07,5,Organic,Pro,1,7900
C0306,2025-02,2025-08,6,Organic,Pro,1,7900
C0306,2025-02,2025-09,7,Organic,Pro,0,0
C0306,2025-02,2025-10,8,Organic,Pro,0,0
C0306,2025-02,2025-11,9,Organic,Pro,0,0
C0306,2025-02,2025-12,10,Organic,Pro,0,0
C0307,2025-01,2025-01,0,Organic,Pro,1,7900
C0307,2025-01,2025-02,1,Organic,Pro,1,7900
C0307,2025-01,2025-03,2,Organic,Pro,1,7900
C0307,2025-01,2025-04,3,Organic,Pro,1,7900
C0307,2025-01,2025-05,4,Organic,Pro,1,7900
C0307,2025-01,2025-06,5,Organic,Pro,1,7900
C0307,2025-01,2025-07,6,Organic,Pro,1,7900
C0307,2025-01,2025-08,7,Organic,Pro,1,7900
C0307,2025-01,2025-09,8,Organic,Pro,1,7900
C0307,2025-01,2025-10,9,Organic,Pro,0,0
C0307,2025-01,2025-11,10,Organic,Pro,0,0
C0307,2025-01,2025-12,11,Organic,Pro,0,0
C0308,2025-01,2025-01,0,Referral,Pro,1,7900
C0308,2025-01,2025-02,1,Referral,Pro,1,7900
C0308,2025-01,2025-03,2,Referral,Pro,1,7900
C0308,2025-01,2025-04,3,Referral,Pro,1,7900
C0308,2025-01,2025-05,4,Referral,Pro,1,7900
C0308,2025-01,2025-06,5,Referral,Pro,1,7900
C0308,2025-01,2025-07,6,Referral,Pro,1,7900
C0308,2025-01,2025-08,7,Referral,Pro,1,7900
C0308,2025-01,2025-09,8,Referral,Pro,1,7900
C0308,2025-01,2025-10,9,Referral,Pro,1,7900
C0308,2025-01,2025-11,10,Referral,Pro,1,7900
C0308,2025-01,2025-12,11,Referral,Pro,1,7900
C0309,2025-01,2025-01,0,Referral,Basic,1,2900
C0309,2025-01,2025-02,1,Referral,Basic,1,2900
C0309,2025-01,2025-03,2,Referral,Basic,1,2900
C0309,2025-01,2025-04,3,Referral,Basic,1,2900
C0309,2025-01,2025-05,4,Referral,Basic,1,2900
C0309,2025-01,2025-06,5,Referral,Basic,1,2900
C0309,2025-01,2025-07,6,Referral,Basic,1,2900
C0309,2025-01,2025-08,7,Referral,Basic,1,2900
C0309,2025-01,2025-09,8,Referral,Basic,1,2900
C0309,2025-01,2025-10,9,Referral,Basic,1,2900
C0309,2025-01,2025-11,10,Referral,Basic,0,0
C0309,2025-01,2025-12,11,Referral,Basic,0,0
C0310,2025-03,2025-03,0,Paid,Basic,1,2900
C0310,2025-03,2025-04,1,Paid,Basic,1,2900
C0310,2025-03,2025-05,2,Paid,Basic,1,2900
C0310,2025-03,2025-06,3,Paid,Basic,1,2900
C0310,2025-03,2025-07,4,Paid,Basic,1,2900
C0310,2025-03,2025-08,5,Paid,Basic,1,2900
C0310,2025-03,2025-09,6,Paid,Basic,0,0
C0310,2025-03,2025-10,7,Paid,Basic,0,0
C0310,2025-03,2025-11,8,Paid,Basic,0,0
C0310,2025-03,2025-12,9,Paid,Basic,0,0
C0311,2025-02,2025-02,0,Paid,Pro,1,7900
C0311,2025-02,2025-03,1,Paid,Pro,1,7900
C0311,2025-02,2025-04,2,Paid,Pro,1,7900
C0311,2025-02,2025-05,3,Paid,Pro,1,7900
C0311,2025-02,2025-06,4,Paid,Pro,1,7900
C0311,2025-02,2025-07,5,Paid,Pro,1,7900
C0311,2025-02,2025-08,6,Paid,Pro,1,7900
C0311,2025-02,2025-09,7,Paid,Pro,1,7900
C0311,2025-02,2025-10,8,Paid,Pro,0,0
C0311,2025-02,2025-11,9,Paid,Pro,0,0
C0311,2025-02,2025-12,10,Paid,Pro,0,0
C0312,2025-05,2025-05,0,Referral,Pro,1,7900
C0312,2025-05,2025-06,1,Referral,Pro,1,7900
C0312,2025-05,2025-07,2,Referral,Pro,1,7900
C0312,2025-05,2025-08,3,Referral,Pro,1,7900
C0312,2025-05,2025-09,4,Referral,Pro,1,7900
C0312,2025-05,2025-10,5,Referral,Pro,1,7900
C0312,2025-05,2025-11,6,Referral,Pro,1,7900
C0312,2025-05,2025-12,7,Referral,Pro,1,7900
C0313,2025-06,2025-06,0,Paid,Basic,1,2900
C0313,2025-06,2025-07,1,Paid,Basic,0,0
C0313,2025-06,2025-08,2,Paid,Basic,0,0
C0313,2025-06,2025-09,3,Paid,Basic,0,0
C0313,2025-06,2025-10,4,Paid,Basic,0,0
C0313,2025-06,2025-11,5,Paid,Basic,0,0
C0313,2025-06,2025-12,6,Paid,Basic,0,0
C0314,2025-03,2025-03,0,Referral,Basic,1,2900
C0314,2025-03,2025-04,1,Referral,Basic,1,2900
C0314,2025-03,2025-05,2,Referral,Basic,1,2900
C0314,2025-03,2025-06,3,Referral,Basic,1,2900
C0314,2025-03,2025-07,4,Referral,Basic,1,2900
C0314,2025-03,2025-08,5,Referral,Basic,1,2900
C0314,2025-03,2025-09,6,Referral,Basic,1,2900
C0314,2025-03,2025-10,7,Referral,Basic,1,2900
C0314,2025-03,2025-11,8,Referral,Basic,1,2900
C0314,2025-03,2025-12,9,Referral,Basic,1,2900
C0315,2025-05,2025-05,0,Paid,Pro,1,7900
C0315,2025-05,2025-06,1,Paid,Pro,1,7900
C0315,2025-05,2025-07,2,Paid,Pro,1,7900
C0315,2025-05,2025-08,3,Paid,Pro,1,7900
C0315,2025-05,2025-09,4,Paid,Pro,1,7900
C0315,2025-05,2025-10,5,Paid,Pro,1,7900
C0315,2025-05,2025-11,6,Paid,Pro,1,7900
C0315,2025-05,2025-12,7,Paid,Pro,1,7900
C0316,2025-04,2025-04,0,Referral,Basic,1,2900
C0316,2025-04,2025-05,1,Referral,Basic,1,2900
C0316,2025-04,2025-06,2,Referral,Basic,1,2900
C0316,2025-04,2025-07,3,Referral,Basic,1,2900
C0316,2025-04,2025-08,4,Referral,Basic,1,2900
C0316,2025-04,2025-09,5,Referral,Basic,1,2900
C0316,2025-04,2025-10,6,Referral,Basic,1,2900
C0316,2025-04,2025-11,7,Referral,Basic,1,2900
C0316,2025-04,2025-12,8,Referral,Basic,1,2900
C0317,2025-04,2025-04,0,Paid,Pro,1,7900
C0317,2025-04,2025-05,1,Paid,Pro,1,7900
C0317,2025-04,2025-06,2,Paid,Pro,1,7900
C0317,2025-04,2025-07,3,Paid,Pro,1,7900
C0317,2025-04,2025-08,4,Paid,Pro,1,7900
C0317,2025-04,2025-09,5,Paid,Pro,1,7900
C0317,2025-04,2025-10,6,Paid,Pro,1,7900
C0317,2025-04,2025-11,7,Paid,Pro,1,7900
C0317,2025-04,2025-12,8,Paid,Pro,1,7900
C0318,2025-03,2025-03,0,Paid,Basic,1,2900
C0318,2025-03,2025-04,1,Paid,Basic,1,2900
C0318,2025-03,2025-05,2,Paid,Basic,1,2900
C0318,2025-03,2025-06,3,Paid,Basic,1,2900
C0318,2025-03,2025-07,4,Paid,Basic,1,2900
C0318,2025-03,2025-08,5,Paid,Basic,1,2900
C0318,2025-03,2025-09,6,Paid,Basic,1,2900
C0318,2025-03,2025-10,7,Paid,Basic,1,2900
C0318,2025-03,2025-11,8,Paid,Basic,1,2900
C0318,2025-03,2025-12,9,Paid,Basic,1,2900
C0319,2025-06,2025-06,0,Organic,Basic,1,2900
C0319,2025-06,2025-07,1,Organic,Basic,1,2900
C0319,2025-06,2025-08,2,Organic,Basic,1,2900
C0319,2025-06,2025-09,3,Organic,Basic,1,2900
C0319,2025-06,2025-10,4,Organic,Basic,1,2900
C0319,2025-06,2025-11,5,Organic,Basic,1,2900
C0319,2025-06,2025-12,6,Organic,Basic,1,2900
C0320,2025-04,2025-04,0,Paid,Basic,1,2900
C0320,2025-04,2025-05,1,Paid,Basic,1,2900
C0320,2025-04,2025-06,2,Paid,Basic,1,2900
C0320,2025-04,2025-07,3,Paid,Basic,1,2900
C0320,2025-04,2025-08,4,Paid,Basic,1,2900
C0320,2025-04,2025-09,5,Paid,Basic,1,2900
C0320,2025-04,2025-10,6,Paid,Basic,1,2900
C0320,2025-04,2025-11,7,Paid,Basic,1,2900
C0320,2025-04,2025-12,8,Paid,Basic,1,2900
C0321,2025-02,2025-02,0,Paid,Basic,1,2900
C0321,2025-02,2025-03,1,Paid,Basic,0,0
C0321,2025-02,2025-04,2,Paid,Basic,0,0
C0321,2025-02,2025-05,3,Paid,Basic,0,0
C0321,2025-02,2025-06,4,Paid,Basic,0,0
C0321,2025-02,2025-07,5,Paid,Basic,0,0
C0321,2025-02,2025-08,6,Paid,Basic,0,0
C0321,2025-02,2025-09,7,Paid,Basic,0,0
C0321,2025-02,2025-10,8,Paid,Basic,0,0
C0321,2025-02,2025-11,9,Paid,Basic,0,0
C0321,2025-02,2025-12,10,Paid,Basic,0,0
C0322,2025-05,2025-05,0,Paid,Pro,1,7900
C0322,2025-05,2025-06,1,Paid,Pro,1,7900
C0322,2025-05,2025-07,2,Paid,Pro,1,7900
C0322,2025-05,2025-08,3,Paid,Pro,0,0
C0322,2025-05,2025-09,4,Paid,Pro,0,0
C0322,2025-05,2025-10,5,Paid,Pro,0,0
C0322,2025-05,2025-11,6,Paid,Pro,0,0
C0322,2025-05,2025-12,7,Paid,Pro,0,0
C0323,2025-04,2025-04,0,Referral,Basic,1,2900
C0323,2025-04,2025-05,1,Referral,Basic,1,2900
C0323,2025-04,2025-06,2,Referral,Basic,1,2900
C0323,2025-04,2025-07,3,Referral,Basic,1,2900
C0323,2025-04,2025-08,4,Referral,Basic,1,2900
C0323,2025-04,2025-09,5,Referral,Basic,1,2900
C0323,2025-04,2025-10,6,Referral,Basic,1,2900
C0323,2025-04,2025-11,7,Referral,Basic,1,2900
C0323,2025-04,2025-12,8,Referral,Basic,1,2900
C0324,2025-02,2025-02,0,Organic,Pro,1,7900
C0324,2025-02,2025-03,1,Organic,Pro,1,7900
C0324,2025-02,2025-04,2,Organic,Pro,1,7900
C0324,2025-02,2025-05,3,Organic,Pro,1,7900
C0324,2025-02,2025-06,4,Organic,Pro,1,7900
C0324,2025-02,2025-07,5,Organic,Pro,1,7900
C0324,2025-02,2025-08,6,Organic,Pro,1,7900
C0324,2025-02,2025-09,7,Organic,Pro,1,7900
C0324,2025-02,2025-10,8,Organic,Pro,1,7900
C0324,2025-02,2025-11,9,Organic,Pro,1,7900
C0324,2025-02,2025-12,10,Organic,Pro,1,7900
C0325,2025-05,2025-05,0,Referral,Basic,1,2900
C0325,2025-05,2025-06,1,Referral,Basic,1,2900
C0325,2025-05,2025-07,2,Referral,Basic,1,2900
C0325,2025-05,2025-08,3,Referral,Basic,1,2900
C0325,2025-05,2025-09,4,Referral,Basic,1,2900
C0325,2025-05,2025-10,5,Referral,Basic,1,2900
C0325,2025-05,2025-11,6,Referral,Basic,1,2900
C0325,2025-05,2025-12,7,Referral,Basic,1,2900
C0326,2025-03,2025-03,0,Referral,Basic,1,2900
C0326,2025-03,2025-04,1,Referral,Basic,1,2900
C0326,2025-03,2025-05,2,Referral,Basic,1,2900
C0326,2025-03,2025-06,3,Referral,Basic,0,0
C0326,2025-03,2025-07,4,Referral,Basic,0,0
C0326,2025-03,2025-08,5,Referral,Basic,0,0
C0326,2025-03,2025-09,6,Referral,Basic,0,0
C0326,2025-03,2025-10,7,Referral,Basic,0,0
C0326,2025-03,2025-11,8,Referral,Basic,0,0
C0326,2025-03,2025-12,9,Referral,Basic,0,0
C0327,2025-01,2025-01,0,Organic,Pro,1,7900
C0327,2025-01,2025-02,1,Organic,Pro,1,7900
C0327,2025-01,2025-03,2,Organic,Pro,1,7900
C0327,2025-01,2025-04,3,Organic,Pro,0,0
C0327,2025-01,2025-05,4,Organic,Pro,0,0
C0327,2025-01,2025-06,5,Organic,Pro,0,0
C0327,2025-01,2025-07,6,Organic,Pro,0,0
C0327,2025-01,2025-08,7,Organic,Pro,0,0
C0327,2025-01,2025-09,8,Organic,Pro,0,0
C0327,2025-01,2025-10,9,Organic,Pro,0,0
C0327,2025-01,2025-11,10,Organic,Pro,0,0
C0327,2025-01,2025-12,11,Organic,Pro,0,0
C0328,2025-04,2025-04,0,Referral,Basic,1,2900
C0328,2025-04,2025-05,1,Referral,Basic,1,2900
C0328,2025-04,2025-06,2,Referral,Basic,1,2900
C0328,2025-04,2025-07,3,Referral,Basic,0,0
C0328,2025-04,2025-08,4,Referral,Basic,0,0
C0328,2025-04,2025-09,5,Referral,Basic,0,0
C0328,2025-04,2025-10,6,Referral,Basic,0,0
C0328,2025-04,2025-11,7,Referral,Basic,0,0
C0328,2025-04,2025-12,8,Referral,Basic,0,0
C0329,2025-02,2025-02,0,Referral,Basic,1,2900
C0329,2025-02,2025-03,1,Referral,Basic,1,2900
C0329,2025-02,2025-04,2,Referral,Basic,1,2900
C0329,2025-02,2025-05,3,Referral,Basic,1,2900
C0329,2025-02,2025-06,4,Referral,Basic,1,2900
C0329,2025-02,2025-07,5,Referral,Basic,1,2900
C0329,2025-02,2025-08,6,Referral,Basic,1,2900
C0329,2025-02,2025-09,7,Referral,Basic,1,2900
C0329,2025-02,2025-10,8,Referral,Basic,1,2900
C0329,2025-02,2025-11,9,Referral,Basic,1,2900
C0329,2025-02,2025-12,10,Referral,Basic,1,2900
C0330,2025-06,2025-06,0,Paid,Basic,1,2900
C0330,2025-06,2025-07,1,Paid,Basic,1,2900
C0330,2025-06,2025-08,2,Paid,Basic,1,2900
C0330,2025-06,2025-09,3,Paid,Basic,1,2900
C0330,2025-06,2025-10,4,Paid,Basic,1,2900
C0330,2025-06,2025-11,5,Paid,Basic,1,2900
C0330,2025-06,2025-12,6,Paid,Basic,1,2900
C0331,2025-02,2025-02,0,Referral,Pro,1,7900
C0331,2025-02,2025-03,1,Referral,Pro,1,7900
C0331,2025-02,2025-04,2,Referral,Pro,1,7900
C0331,2025-02,2025-05,3,Referral,Pro,1,7900
C0331,2025-02,2025-06,4,Referral,Pro,1,7900
C0331,2025-02,2025-07,5,Referral,Pro,1,7900
C0331,2025-02,2025-08,6,Referral,Pro,1,7900
C0331,2025-02,2025-09,7,Referral,Pro,1,7900
C0331,2025-02,2025-10,8,Referral,Pro,1,7900
C0331,2025-02,2025-11,9,Referral,Pro,1,7900
C0331,2025-02,2025-12,10,Referral,Pro,1,7900
C0332,2025-04,2025-04,0,Organic,Basic,1,2900
C0332,2025-04,2025-05,1,Organic,Basic,1,2900
C0332,2025-04,2025-06,2,Organic,Basic,1,2900
C0332,2025-04,2025-07,3,Organic,Basic,1,2900
C0332,2025-04,2025-08,4,Organic,Basic,0,0
C0332,2025-04,2025-09,5,Organic,Basic,0,0
C0332,2025-04,2025-10,6,Organic,Basic,0,0
C0332,2025-04,2025-11,7,Organic,Basic,0,0
C0332,2025-04,2025-12,8,Organic,Basic,0,0
C0333,2025-01,2025-01,0,Organic,Basic,1,2900
C0333,2025-01,2025-02,1,Organic,Basic,1,2900
C0333,2025-01,2025-03,2,Organic,Basic,1,2900
C0333,2025-01,2025-04,3,Organic,Basic,1,2900
C0333,2025-01,2025-05,4,Organic,Basic,1,2900
C0333,2025-01,2025-06,5,Organic,Basic,1,2900
C0333,2025-01,2025-07,6,Organic,Basic,1,2900
C0333,2025-01,2025-08,7,Organic,Basic,1,2900
C0333,2025-01,2025-09,8,Organic,Basic,1,2900
C0333,2025-01,2025-10,9,Organic,Basic,0,0
C0333,2025-01,2025-11,10,Organic,Basic,0,0
C0333,2025-01,2025-12,11,Organic,Basic,0,0
C0334,2025-02,2025-02,0,Organic,Pro,1,7900
C0334,2025-02,2025-03,1,Organic,Pro,1,7900
C0334,2025-02,2025-04,2,Organic,Pro,1,7900
C0334,2025-02,2025-05,3,Organic,Pro,1,7900
C0334,2025-02,2025-06,4,Organic,Pro,0,0
C0334,2025-02,2025-07,5,Organic,Pro,0,0
C0334,2025-02,2025-08,6,Organic,Pro,0,0
C0334,2025-02,2025-09,7,Organic,Pro,0,0
C0334,2025-02,2025-10,8,Organic,Pro,0,0
C0334,2025-02,2025-11,9,Organic,Pro,0,0
C0334,2025-02,2025-12,10,Organic,Pro,0,0
C0335,2025-03,2025-03,0,Referral,Basic,1,2900
C0335,2025-03,2025-04,1,Referral,Basic,1,2900
C0335,2025-03,2025-05,2,Referral,Basic,1,2900
C0335,2025-03,2025-06,3,Referral,Basic,1,2900
C0335,2025-03,2025-07,4,Referral,Basic,1,2900
C0335,2025-03,2025-08,5,Referral,Basic,0,0
C0335,2025-03,2025-09,6,Referral,Basic,0,0
C0335,2025-03,2025-10,7,Referral,Basic,0,0
C0335,2025-03,2025-11,8,Referral,Basic,0,0
C0335,2025-03,2025-12,9,Referral,Basic,0,0
C0336,2025-06,2025-06,0,Paid,Pro,1,7900
C0336,2025-06,2025-07,1,Paid,Pro,1,7900
C0336,2025-06,2025-08,2,Paid,Pro,1,7900
C0336,2025-06,2025-09,3,Paid,Pro,1,7900
C0336,2025-06,2025-10,4,Paid,Pro,1,7900
C0336,2025-06,2025-11,5,Paid,Pro,1,7900
C0336,2025-06,2025-12,6,Paid,Pro,1,7900
C0337,2025-01,2025-01,0,Organic,Basic,1,2900
C0337,2025-01,2025-02,1,Organic,Basic,1,2900
C0337,2025-01,2025-03,2,Organic,Basic,1,2900
C0337,2025-01,2025-04,3,Organic,Basic,1,2900
C0337,2025-01,2025-05,4,Organic,Basic,0,0
C0337,2025-01,2025-06,5,Organic,Basic,0,0
C0337,2025-01,2025-07,6,Organic,Basic,0,0
C0337,2025-01,2025-08,7,Organic,Basic,0,0
C0337,2025-01,2025-09,8,Organic,Basic,0,0
C0337,2025-01,2025-10,9,Organic,Basic,0,0
C0337,2025-01,2025-11,10,Organic,Basic,0,0
C0337,2025-01,2025-12,11,Organic,Basic,0,0
C0338,2025-04,2025-04,0,Organic,Basic,1,2900
C0338,2025-04,2025-05,1,Organic,Basic,1,2900
C0338,2025-04,2025-06,2,Organic,Basic,1,2900
C0338,2025-04,2025-07,3,Organic,Basic,1,2900
C0338,2025-04,2025-08,4,Organic,Basic,1,2900
C0338,2025-04,2025-09,5,Organic,Basic,1,2900
C0338,2025-04,2025-10,6,Organic,Basic,1,2900
C0338,2025-04,2025-11,7,Organic,Basic,1,2900
C0338,2025-04,2025-12,8,Organic,Basic,1,2900
C0339,2025-06,2025-06,0,Organic,Pro,1,7900
C0339,2025-06,2025-07,1,Organic,Pro,1,7900
C0339,2025-06,2025-08,2,Organic,Pro,1,7900
C0339,2025-06,2025-09,3,Organic,Pro,1,7900
C0339,2025-06,2025-10,4,Organic,Pro,1,7900
C0339,2025-06,2025-11,5,Organic,Pro,1,7900
C0339,2025-06,2025-12,6,Organic,Pro,1,7900
C0340,2025-02,2025-02,0,Organic,Pro,1,7900
C0340,2025-02,2025-03,1,Organic,Pro,1,7900
C0340,2025-02,2025-04,2,Organic,Pro,1,7900
C0340,2025-02,2025-05,3,Organic,Pro,1,7900
C0340,2025-02,2025-06,4,Organic,Pro,1,7900
C0340,2025-02,2025-07,5,Organic,Pro,1,7900
C0340,2025-02,2025-08,6,Organic,Pro,1,7900
C0340,2025-02,2025-09,7,Organic,Pro,1,7900
C0340,2025-02,2025-10,8,Organic,Pro,1,7900
C0340,2025-02,2025-11,9,Organic,Pro,1,7900
C0340,2025-02,2025-12,10,Organic,Pro,1,7900
C0341,2025-01,2025-01,0,Organic,Basic,1,2900
C0341,2025-01,2025-02,1,Organic,Basic,1,2900
C0341,2025-01,2025-03,2,Organic,Basic,1,2900
C0341,2025-01,2025-04,3,Organic,Basic,1,2900
C0341,2025-01,2025-05,4,Organic,Basic,0,0
C0341,2025-01,2025-06,5,Organic,Basic,0,0
C0341,2025-01,2025-07,6,Organic,Basic,0,0
C0341,2025-01,2025-08,7,Organic,Basic,0,0
C0341,2025-01,2025-09,8,Organic,Basic,0,0
C0341,2025-01,2025-10,9,Organic,Basic,0,0
C0341,2025-01,2025-11,10,Organic,Basic,0,0
C0341,2025-01,2025-12,11,Organic,Basic,0,0
C0342,2025-02,2025-02,0,Organic,Pro,1,7900
C0342,2025-02,2025-03,1,Organic,Pro,1,7900
C0342,2025-02,2025-04,2,Organic,Pro,1,7900
C0342,2025-02,2025-05,3,Organic,Pro,1,7900
C0342,2025-02,2025-06,4,Organic,Pro,0,0
C0342,2025-02,2025-07,5,Organic,Pro,0,0
C0342,2025-02,2025-08,6,Organic,Pro,0,0
C0342,2025-02,2025-09,7,Organic,Pro,0,0
C0342,2025-02,2025-10,8,Organic,Pro,0,0
C0342,2025-02,2025-11,9,Organic,Pro,0,0
C0342,2025-02,2025-12,10,Organic,Pro,0,0
C0343,2025-06,2025-06,0,Organic,Basic,1,2900
C0343,2025-06,2025-07,1,Organic,Basic,1,2900
C0343,2025-06,2025-08,2,Organic,Basic,0,0
C0343,2025-06,2025-09,3,Organic,Basic,0,0
C0343,2025-06,2025-10,4,Organic,Basic,0,0
C0343,2025-06,2025-11,5,Organic,Basic,0,0
C0343,2025-06,2025-12,6,Organic,Basic,0,0
C0344,2025-06,2025-06,0,Referral,Pro,1,7900
C0344,2025-06,2025-07,1,Referral,Pro,1,7900
C0344,2025-06,2025-08,2,Referral,Pro,1,7900
C0344,2025-06,2025-09,3,Referral,Pro,1,7900
C0344,2025-06,2025-10,4,Referral,Pro,1,7900
C0344,2025-06,2025-11,5,Referral,Pro,1,7900
C0344,2025-06,2025-12,6,Referral,Pro,1,7900
C0345,2025-06,2025-06,0,Organic,Pro,1,7900
C0345,2025-06,2025-07,1,Organic,Pro,1,7900
C0345,2025-06,2025-08,2,Organic,Pro,1,7900
C0345,2025-06,2025-09,3,Organic,Pro,1,7900
C0345,2025-06,2025-10,4,Organic,Pro,1,7900
C0345,2025-06,2025-11,5,Organic,Pro,1,7900
C0345,2025-06,2025-12,6,Organic,Pro,1,7900
C0346,2025-02,2025-02,0,Referral,Pro,1,7900
C0346,2025-02,2025-03,1,Referral,Pro,1,7900
C0346,2025-02,2025-04,2,Referral,Pro,1,7900
C0346,2025-02,2025-05,3,Referral,Pro,1,7900
C0346,2025-02,2025-06,4,Referral,Pro,1,7900
C0346,2025-02,2025-07,5,Referral,Pro,1,7900
C0346,2025-02,2025-08,6,Referral,Pro,1,7900
C0346,2025-02,2025-09,7,Referral,Pro,1,7900
C0346,2025-02,2025-10,8,Referral,Pro,1,7900
C0346,2025-02,2025-11,9,Referral,Pro,1,7900
C0346,2025-02,2025-12,10,Referral,Pro,1,7900
C0347,2025-05,2025-05,0,Organic,Basic,1,2900
C0347,2025-05,2025-06,1,Organic,Basic,1,2900
C0347,2025-05,2025-07,2,Organic,Basic,1,2900
C0347,2025-05,2025-08,3,Organic,Basic,0,0
C0347,2025-05,2025-09,4,Organic,Basic,0,0
C0347,2025-05,2025-10,5,Organic,Basic,0,0
C0347,2025-05,2025-11,6,Organic,Basic,0,0
C0347,2025-05,2025-12,7,Organic,Basic,0,0
C0348,2025-05,2025-05,0,Organic,Pro,1,7900
C0348,2025-05,2025-06,1,Organic,Pro,1,7900
C0348,2025-05,2025-07,2,Organic,Pro,1,7900
C0348,2025-05,2025-08,3,Organic,Pro,0,0
C0348,2025-05,2025-09,4,Organic,Pro,0,0
C0348,2025-05,2025-10,5,Organic,Pro,0,0
C0348,2025-05,2025-11,6,Organic,Pro,0,0
C0348,2025-05,2025-12,7,Organic,Pro,0,0
C0349,2025-01,2025-01,0,Paid,Basic,1,2900
C0349,2025-01,2025-02,1,Paid,Basic,0,0
C0349,2025-01,2025-03,2,Paid,Basic,0,0
C0349,2025-01,2025-04,3,Paid,Basic,0,0
C0349,2025-01,2025-05,4,Paid,Basic,0,0
C0349,2025-01,2025-06,5,Paid,Basic,0,0
C0349,2025-01,2025-07,6,Paid,Basic,0,0
C0349,2025-01,2025-08,7,Paid,Basic,0,0
C0349,2025-01,2025-09,8,Paid,Basic,0,0
C0349,2025-01,2025-10,9,Paid,Basic,0,0
C0349,2025-01,2025-11,10,Paid,Basic,0,0
C0349,2025-01,2025-12,11,Paid,Basic,0,0
C0350,2025-06,2025-06,0,Organic,Basic,1,2900
C0350,2025-06,2025-07,1,Organic,Basic,1,2900
C0350,2025-06,2025-08,2,Organic,Basic,1,2900
C0350,2025-06,2025-09,3,Organic,Basic,1,2900
C0350,2025-06,2025-10,4,Organic,Basic,1,2900
C0350,2025-06,2025-11,5,Organic,Basic,1,2900
C0350,2025-06,2025-12,6,Organic,Basic,0,0
C0351,2025-04,2025-04,0,Referral,Basic,1,2900
C0351,2025-04,2025-05,1,Referral,Basic,1,2900
C0351,2025-04,2025-06,2,Referral,Basic,1,2900
C0351,2025-04,2025-07,3,Referral,Basic,1,2900
C0351,2025-04,2025-08,4,Referral,Basic,1,2900
C0351,2025-04,2025-09,5,Referral,Basic,1,2900
C0351,2025-04,2025-10,6,Referral,Basic,1,2900
C0351,2025-04,2025-11,7,Referral,Basic,1,2900
C0351,2025-04,2025-12,8,Referral,Basic,1,2900
C0352,2025-06,2025-06,0,Organic,Basic,1,2900
C0352,2025-06,2025-07,1,Organic,Basic,1,2900
C0352,2025-06,2025-08,2,Organic,Basic,1,2900
C0352,2025-06,2025-09,3,Organic,Basic,1,2900
C0352,2025-06,2025-10,4,Organic,Basic,1,2900
C0352,2025-06,2025-11,5,Organic,Basic,1,2900
C0352,2025-06,2025-12,6,Organic,Basic,1,2900
C0353,2025-06,2025-06,0,Organic,Basic,1,2900
C0353,2025-06,2025-07,1,Organic,Basic,1,2900
C0353,2025-06,2025-08,2,Organic,Basic,1,2900
C0353,2025-06,2025-09,3,Organic,Basic,1,2900
C0353,2025-06,2025-10,4,Organic,Basic,1,2900
C0353,2025-06,2025-11,5,Organic,Basic,1,2900
C0353,2025-06,2025-12,6,Organic,Basic,1,2900
C0354,2025-04,2025-04,0,Referral,Basic,1,2900
C0354,2025-04,2025-05,1,Referral,Basic,1,2900
C0354,2025-04,2025-06,2,Referral,Basic,1,2900
C0354,2025-04,2025-07,3,Referral,Basic,1,2900
C0354,2025-04,2025-08,4,Referral,Basic,1,2900
C0354,2025-04,2025-09,5,Referral,Basic,1,2900
C0354,2025-04,2025-10,6,Referral,Basic,1,2900
C0354,2025-04,2025-11,7,Referral,Basic,1,2900
C0354,2025-04,2025-12,8,Referral,Basic,1,2900
C0355,2025-06,2025-06,0,Referral,Pro,1,7900
C0355,2025-06,2025-07,1,Referral,Pro,1,7900
C0355,2025-06,2025-08,2,Referral,Pro,1,7900
C0355,2025-06,2025-09,3,Referral,Pro,1,7900
C0355,2025-06,2025-10,4,Referral,Pro,1,7900
C0355,2025-06,2025-11,5,Referral,Pro,1,7900
C0355,2025-06,2025-12,6,Referral,Pro,1,7900
C0356,2025-05,2025-05,0,Paid,Basic,1,2900
C0356,2025-05,2025-06,1,Paid,Basic,1,2900
C0356,2025-05,2025-07,2,Paid,Basic,1,2900
C0356,2025-05,2025-08,3,Paid,Basic,1,2900
C0356,2025-05,2025-09,4,Paid,Basic,1,2900
C0356,2025-05,2025-10,5,Paid,Basic,1,2900
C0356,2025-05,2025-11,6,Paid,Basic,1,2900
C0356,2025-05,2025-12,7,Paid,Basic,1,2900
C0357,2025-01,2025-01,0,Referral,Basic,1,2900
C0357,2025-01,2025-02,1,Referral,Basic,1,2900
C0357,2025-01,2025-03,2,Referral,Basic,1,2900
C0357,2025-01,2025-04,3,Referral,Basic,1,2900
C0357,2025-01,2025-05,4,Referral,Basic,1,2900
C0357,2025-01,2025-06,5,Referral,Basic,1,2900
C0357,2025-01,2025-07,6,Referral,Basic,1,2900
C0357,2025-01,2025-08,7,Referral,Basic,1,2900
C0357,2025-01,2025-09,8,Referral,Basic,1,2900
C0357,2025-01,2025-10,9,Referral,Basic,1,2900
C0357,2025-01,2025-11,10,Referral,Basic,1,2900
C0357,2025-01,2025-12,11,Referral,Basic,1,2900
C0358,2025-04,2025-04,0,Organic,Basic,1,2900
C0358,2025-04,2025-05,1,Organic,Basic,1,2900
C0358,2025-04,2025-06,2,Organic,Basic,0,0
C0358,2025-04,2025-07,3,Organic,Basic,0,0
C0358,2025-04,2025-08,4,Organic,Basic,0,0
C0358,2025-04,2025-09,5,Organic,Basic,0,0
C0358,2025-04,2025-10,6,Organic,Basic,0,0
C0358,2025-04,2025-11,7,Organic,Basic,0,0
C0358,2025-04,2025-12,8,Organic,Basic,0,0
C0359,2025-02,2025-02,0,Organic,Pro,1,7900
C0359,2025-02,2025-03,1,Organic,Pro,1,7900
C0359,2025-02,2025-04,2,Organic,Pro,1,7900
C0359,2025-02,2025-05,3,Organic,Pro,1,7900
C0359,2025-02,2025-06,4,Organic,Pro,1,7900
C0359,2025-02,2025-07,5,Organic,Pro,1,7900
C0359,2025-02,2025-08,6,Organic,Pro,1,7900
C0359,2025-02,2025-09,7,Organic,Pro,0,0
C0359,2025-02,2025-10,8,Organic,Pro,0,0
C0359,2025-02,2025-11,9,Organic,Pro,0,0
C0359,2025-02,2025-12,10,Organic,Pro,0,0
